id,numeroRNT,vencimientoRNT,registroSuperTur,categoria,direccion,horaApertura,horaCierre,tiempoMinimo,gananciaAnioActual,gananciaAnioCorrido
_zfotheringhamgq,3714371486,2021-06-27,627-15-1184,APARTAMENTO,3177 Longview Park,5:42,16:13,21,70798,84976
_babbesso9,0733549306,2019-11-24,432-52-6174,HOSTAL,385 Blackbird Alley,18:22,17:02,24,88356,91794
_krussenpc,4470964166,2022-08-13,245-84-4002,VIVIENDA_U,25 Kim Street,1:33,23:24,26,76441,83913
_ktompsett4q,3092262573,2024-08-16,568-43-2455,APARTAMENTO,5 Annamark Junction,22:46,12:41,30,70154,5432
_edrewitt21,5055645679,2024-11-15,410-88-0094,HOSTAL,00154 Vidon Drive,5:51,7:28,13,83966,87520
_dcaccavella92,9650714227,2020-11-02,731-20-5528,P_NATURAL,4548 Nova Drive,0:41,22:23,25,51577,31366
_wquiggnv,1059778386,2022-04-19,544-95-7084,VECINOS,65244 Loomis Way,23:56,21:40,4,45433,72650
_ericeardsa3,4849911056,2019-08-13,243-32-4308,APARTAMENTO,9 Nelson Park,6:02,3:06,14,63542,67055
_lpietraszekl3,5841993097,2023-03-09,320-09-8631,P_NATURAL,153 Oak Valley Point,4:32,13:22,14,13964,6529
_bbayleyjm,6211700458,2023-10-07,252-02-9963,VECINOS,8 Waxwing Place,0:57,4:41,8,94674,51938
_mconklin5t,7236031437,2022-06-28,540-23-5367,HOSTAL,97933 Forster Point,6:34,1:52,25,74227,13608
_breeveleydk,1099193672,2021-02-03,710-63-3230,HOTEL,322 Chive Street,5:46,15:27,24,52810,16667
_eblaik6k,5360524464,2023-09-17,640-22-1658,VIVIENDA_U,25717 Milwaukee Junction,8:41,7:57,9,37943,19734
_sbartolijnaw,6548827082,2024-05-13,392-50-0934,HOSTAL,0026 Caliangt Plaza,2:19,17:57,22,75650,54941
_lspirito8,2250964610,2024-05-30,758-86-5131,VECINOS,82 Huxley Park,0:29,5:21,20,80868,18611
_jsoarese3,7642060602,2022-04-26,267-03-8422,HOSTAL,1 Elmside Junction,16:30,11:06,7,60914,61766
_mbatramqv,2804319350,2020-11-06,173-38-0440,HOTEL,717 Katie Parkway,7:40,16:52,12,84242,38670
_aextenceht,6243285936,2024-12-24,826-85-0839,VECINOS,201 Elmside Parkway,14:37,6:16,23,12707,11686
_amacaughtriehm,7294429642,2022-06-28,444-89-0809,P_NATURAL,72508 Brickson Park Pass,7:25,5:41,23,55258,39774
_dblackmuirf1,3814523113,2022-06-17,585-71-3602,APARTAMENTO,498 Holy Cross Avenue,10:26,20:47,19,62703,48195
_adowryev,4672321533,2023-05-06,510-31-0892,HOSTAL,0 Burning Wood Junction,1:39,8:26,24,45692,61964
_ecaraher2,9617868733,2022-08-15,421-82-5247,HOTEL,3 Roth Court,0:15,0:01,2,82737,97364
_akestonc6,8629862807,2021-03-13,369-31-7704,P_NATURAL,56 Eastlawn Trail,17:54,4:06,5,42491,81004
_hburtwistlerq,0412793369,2022-07-19,267-79-9369,VECINOS,0 Dixon Plaza,20:32,22:37,4,45133,57184
_sseggie7b,1477559086,2019-07-19,623-94-3550,VECINOS,078 Merrick Crossing,4:58,15:50,10,99760,84456
_zhuddyna,8990276519,2023-02-14,217-58-1246,VIVIENDA_U,0592 Everett Park,14:15,0:59,8,60987,7611
_acastiellop0,9875254800,2023-06-14,841-88-4271,VECINOS,376 Service Street,3:44,20:17,17,99450,76968
_gseamen5d,4043421834,2022-10-12,372-64-9678,P_NATURAL,766 Harbort Way,12:05,14:09,18,38061,11162
_broonyi7,8377818639,2022-04-06,730-33-4680,VECINOS,25 Ludington Plaza,4:57,14:56,2,30529,51098
_dbatramlf,9378753256,2023-09-22,850-87-2971,HOSTAL,6082 Lawn Trail,20:48,23:52,16,4268,40334
_asuttie7m,3757599179,2020-12-07,656-98-1793,HOSTAL,2411 Washington Parkway,7:53,2:55,6,7096,40535
_mtambling1k,0405197268,2024-03-04,322-02-4419,P_NATURAL,39 Loftsgordon Hill,12:25,18:20,25,80449,40452
_wdamerellqw,8935786632,2023-10-04,321-16-0912,VIVIENDA_U,71706 Pawling Junction,12:09,16:41,20,38688,42760
_klakindi,5301665618,2024-10-20,679-48-7350,APARTAMENTO,16057 Dunning Court,12:58,10:56,25,46754,31895
_bdelamarpi,1412663172,2020-08-06,398-97-5772,HOSTAL,568 Brentwood Street,9:04,5:00,7,84325,8666
_lalowayha,7492057784,2023-04-04,854-47-2582,VIVIENDA_U,81 Glendale Place,11:59,7:30,20,84593,88201
_dridingir,4436567230,2022-06-30,265-66-9877,HOTEL,53107 Ridgeway Parkway,5:58,6:56,29,97354,10008
_dwearnegy,9161835625,2020-02-10,296-65-5356,VECINOS,48716 Stoughton Court,7:44,9:09,19,16746,5127
_tdiruggerocc,5906652973,2019-10-28,355-16-1670,APARTAMENTO,6169 Independence Center,14:29,9:28,1,1650,13870
_rdownbg,4357117259,2024-01-03,249-94-5878,HOTEL,642 Twin Pines Way,11:40,8:57,11,41855,24883
_lmoattbb,2253938440,2022-12-27,452-55-5176,HOTEL,66 Moland Terrace,1:01,13:48,18,45877,96728
_rmeeke20,8668000950,2022-02-03,239-20-7327,VECINOS,30 Daystar Court,18:46,9:06,4,57577,97044
_mtille2c,4293657185,2023-12-31,291-16-9549,VIVIENDA_U,0043 Haas Point,14:24,15:36,19,14303,53135
_tnoyesd1,3670265066,2021-04-03,326-72-2780,VECINOS,7 Nancy Crossing,4:25,1:31,27,62877,5229
_ihanbridgeks,6395445758,2020-03-20,714-31-5040,VECINOS,58 Warrior Alley,19:27,23:41,24,42567,39017
_sdingle9s,7403192826,2020-06-24,168-33-7072,HOSTAL,2 Clarendon Park,16:41,6:38,23,78825,38253
_bcorteisfj,2069974987,2023-08-07,397-16-6657,VECINOS,7 Pine View Park,6:26,0:40,14,3153,58682
_mgutmanar,2233200918,2023-08-27,431-67-2267,VECINOS,11 Merry Pass,2:30,14:51,1,47333,91913
_glukinsou,9039090521,2020-05-02,150-95-3537,VECINOS,061 5th Junction,8:02,20:19,25,90751,62555
_cjoyson4i,9450979804,2020-09-16,100-47-9184,HOSTAL,3 Arapahoe Center,2:48,9:29,30,65132,55509
_rrowantreeol,5703365996,2021-10-21,584-95-6320,VIVIENDA_U,2816 Kennedy Center,3:43,12:46,8,28920,66882
_arasenf,1061596729,2023-11-20,790-97-9251,P_NATURAL,9 Dexter Plaza,21:56,4:19,15,34568,50949
_ddyde8h,2046456599,2021-08-29,715-42-5070,P_NATURAL,8205 Hooker Way,17:26,11:58,5,47543,25222
_bkewardcu,8768999038,2024-09-13,386-87-9031,APARTAMENTO,18 Thompson Park,16:54,16:45,19,48635,72224
_levershed6e,5112976233,2024-08-03,737-45-4361,HOSTAL,2506 Dahle Terrace,10:41,11:48,30,79558,72167
_ebecken6c,1919670092,2022-09-11,653-78-1386,HOTEL,6464 Transport Parkway,14:02,1:27,23,52765,72836
_swintringhambz,7439285085,2022-09-07,677-75-1186,APARTAMENTO,727 Prentice Lane,1:27,21:11,13,74973,35743
_tnightingalegp,4609271419,2022-01-12,848-46-7527,VIVIENDA_U,6 Bowman Plaza,21:13,12:20,13,58051,38562
_hnellepj,9630705176,2024-04-14,625-69-7138,P_NATURAL,8848 Oriole Avenue,22:41,3:40,14,24849,98197
_cfilippozzi1f,0797376666,2025-01-11,345-21-9964,APARTAMENTO,40409 Claremont Alley,5:55,14:25,15,78441,47482
_dbatramlf,4290126847,2025-03-18,747-87-5011,HOSTAL,58315 Sloan Street,16:53,8:09,27,66390,3664
_acurseyll,5604478091,2023-04-24,150-58-7420,VIVIENDA_U,2 Kensington Hill,19:44,4:09,2,84425,58019
_rcroxtonn6,1364134802,2020-01-17,712-15-9186,VECINOS,09 Almo Park,19:57,5:59,22,91476,47159
_jkinmannd,4769683855,2020-03-06,583-88-6976,HOTEL,52 Nova Center,13:59,9:51,6,84441,93729
_aalldred3s,1658869109,2024-02-02,292-46-8236,APARTAMENTO,70 Del Sol Way,9:38,8:00,29,15991,66662
_lgribbinsoc,3720857468,2022-06-16,884-01-4084,VECINOS,0252 Tennyson Place,12:30,13:11,30,22325,44183
_esipsonax,8889087803,2020-10-08,852-64-5611,HOTEL,26023 Walton Center,21:23,8:04,11,16657,65548
_pkeaveneyms,6543137509,2020-04-01,537-71-0579,P_NATURAL,58530 Elgar Street,12:36,8:55,12,97888,53150
_ghinze8p,4134369371,2024-11-26,849-22-3556,APARTAMENTO,4 Algoma Lane,8:18,17:48,13,67132,9427
_jmaplethorpe67,8288014933,2020-01-23,718-77-8492,HOSTAL,59 Menomonie Parkway,2:49,5:09,2,58310,27144
_lgebhardo,4940503798,2019-12-14,615-93-7483,VECINOS,582 Northport Drive,17:00,23:51,7,27062,53743
_ebranchf6,2021106454,2021-04-28,877-04-4974,P_NATURAL,1 Pankratz Drive,17:37,4:12,21,62718,89619
_fwheeldonr,0362609756,2020-12-11,492-57-8740,HOSTAL,262 Hovde Point,10:19,6:16,5,87909,94720
_gkingsbury1q,7436990209,2021-05-02,621-25-7962,HOSTAL,595 Westend Court,3:05,19:14,30,3931,5339
_pcook9k,8079340439,2021-09-18,518-06-6856,VECINOS,17 Namekagon Park,0:08,21:01,10,66389,56199
_ecorssenci,8274692276,2024-08-13,308-60-5508,APARTAMENTO,5 Claremont Point,5:02,4:33,2,25760,25602
_cmamwellfb,0226443019,2021-10-11,535-95-5424,VECINOS,85480 Grasskamp Parkway,20:22,21:30,24,95312,24824
_hcunniamdz,0760058385,2020-11-17,661-19-8643,VECINOS,3 Tennyson Place,20:17,18:03,30,43056,35043
_tcashfordc4,3833644869,2024-03-30,675-82-5858,HOTEL,1 Messerschmidt Pass,17:32,5:07,9,7318,64425
_ecarlisi6n,6325978323,2023-09-20,117-13-9532,HOTEL,9 Jana Court,4:00,7:24,19,59283,5200
_eanstisie,3351073259,2020-04-24,225-66-9782,APARTAMENTO,7956 Harper Crossing,0:47,16:56,3,3417,81915
_lguyi1,7175191685,2021-11-16,793-12-0035,VIVIENDA_U,0015 Shelley Street,4:34,20:02,1,70109,66011
_tbeckerlegmp,7753197355,2022-12-05,670-24-7301,VIVIENDA_U,7 Stone Corner Point,1:23,7:50,19,83647,10604
_mahrend1,4410001361,2022-09-13,186-95-7244,VIVIENDA_U,17 Surrey Way,6:08,16:05,7,79467,1559
_cvedenichevgs,4195797187,2023-02-01,228-85-2627,VIVIENDA_U,3098 Duke Road,8:29,0:40,26,1143,26563
_dgalegoq,8526180037,2023-05-22,734-06-6301,HOTEL,29 Northridge Point,14:03,12:03,25,78739,64013
_mavrahm1a,3883027472,2022-08-18,243-70-3632,P_NATURAL,91791 Golden Leaf Alley,22:35,16:22,27,14229,52029
_rcricha0,2629850099,2021-10-18,195-04-8208,APARTAMENTO,603 Johnson Center,17:27,1:53,15,14538,39672
_ecarlosdv,7573304102,2025-05-22,706-86-3120,VECINOS,51 Swallow Trail,19:54,5:36,10,2460,59394
_cericssonl,6625240338,2022-06-13,490-90-0649,VECINOS,4910 5th Park,0:25,5:58,21,76872,25138
_jkennettq3,0377149039,2024-11-22,496-45-6767,VIVIENDA_U,87 Old Shore Lane,21:30,10:08,7,14714,53599
_bbayleyjm,5555983824,2020-02-13,503-14-3132,VIVIENDA_U,7 Sutherland Trail,11:19,3:16,22,84333,76249
_acurseyll,6169351535,2022-09-09,142-99-3429,HOTEL,66 Nelson Point,7:57,11:07,13,83973,41030
_igookey3t,1074070062,2024-03-10,323-73-6332,APARTAMENTO,8 Corben Circle,14:56,14:57,30,36614,42493
_aspurrioran,0768275563,2021-05-20,671-30-2588,APARTAMENTO,39544 Havey Point,1:16,4:26,1,81651,5701
_jomullallyld,7595717795,2024-08-31,609-69-7179,VIVIENDA_U,645 Merchant Lane,17:57,13:01,1,34580,21179
_ysibthorpeoj,4245720174,2021-10-23,348-18-3780,APARTAMENTO,4374 Marquette Road,20:24,11:33,9,57011,85106
_jatwelc7,9032285564,2024-03-25,264-29-0822,P_NATURAL,5 Manufacturers Court,10:29,7:00,18,85343,77972
_acortesiy,9259835704,2022-08-24,881-15-0111,VIVIENDA_U,7986 Melby Parkway,15:34,19:17,1,71087,17087
_melveya,6741874488,2020-06-09,756-17-6435,VECINOS,83210 Hintze Center,10:32,20:42,2,73324,32596
_lrowaszkiewiczk5,5333065187,2024-04-02,461-14-6702,P_NATURAL,9 Oriole Pass,17:47,11:21,2,43802,8566
_kbroomhall2w,0728423022,2021-02-17,641-20-7450,APARTAMENTO,6 Karstens Park,0:41,5:52,20,69162,59139
_hpiggottd8,2028874929,2021-02-09,809-28-8936,HOTEL,1 Petterle Trail,15:18,18:00,26,24240,48499
_dwignall5j,8646625788,2020-05-17,268-06-7096,VECINOS,6 Dwight Circle,22:09,9:23,28,72753,70798
_ghinze8p,9449026998,2022-05-01,871-57-9592,HOSTAL,31032 Veith Road,22:24,22:22,13,8887,33220
_wlindupjk,7564620293,2021-04-25,792-02-3945,VECINOS,3007 Birchwood Crossing,13:21,12:12,15,36836,58774
_tbyrch5x,0026464926,2021-08-01,875-94-1248,APARTAMENTO,746 Kenwood Drive,16:40,20:20,9,57892,38390
_dblackallerpf,5435679060,2019-08-26,671-68-2405,VIVIENDA_U,9266 Bartillon Parkway,20:53,3:47,22,95945,69746
_tbeckerlegmp,6416047950,2025-03-29,103-93-1984,HOTEL,96 Monica Street,2:23,7:35,24,41387,60027
_kmeusmh,2396114417,2020-11-09,466-59-3459,HOSTAL,98 Darwin Center,18:53,19:23,13,74209,67104
_rhacquardid,9601015671,2020-10-24,692-44-4182,HOTEL,3 Kennedy Place,19:43,23:46,18,73689,20646
_mflacknell6i,3370072661,2021-06-13,475-77-6468,APARTAMENTO,6 Mitchell Terrace,6:31,2:06,3,18384,82681
_gbarrottpr,1455185132,2021-02-24,430-80-1287,VECINOS,5 Stuart Road,15:06,5:17,8,36120,14107
_ccarnieah,0728154293,2025-01-12,823-98-9440,P_NATURAL,48742 Packers Terrace,8:01,20:55,21,74178,52928
_cminiconq,2618297911,2024-11-02,636-03-5545,VIVIENDA_U,2508 Old Gate Plaza,3:05,1:59,26,35136,53203
_sperse7a,8622069125,2025-03-21,527-35-0883,HOSTAL,5496 Ohio Road,0:53,7:21,17,13293,93511
_gcaser19,7843274685,2020-08-02,844-08-8464,P_NATURAL,929 Lunder Terrace,18:44,5:57,11,9021,65565
_vmelsonoi,5066168680,2023-05-07,802-22-8805,APARTAMENTO,604 Morningstar Park,6:49,5:01,7,37770,46558
_calsopmj,4363784873,2020-05-10,802-48-7455,VECINOS,1 Stang Place,3:51,18:02,19,35627,72895
_glundyo5,5244852574,2024-07-23,281-21-2828,VECINOS,20843 Carpenter Point,16:21,6:16,18,31272,26196
_redgecombe8k,5616634255,2019-11-20,835-67-6389,VIVIENDA_U,3629 Lighthouse Bay Park,1:14,18:02,5,42551,79921
_astofflerq7,6131108390,2024-10-13,654-97-0268,P_NATURAL,52489 Debs Street,11:56,7:20,14,88307,40539
_jcastiblancoic,8235542552,2022-10-31,870-28-8900,APARTAMENTO,0 Scofield Junction,6:52,14:58,22,61315,97726
_primingtonk,4304112724,2021-09-11,129-31-0375,HOSTAL,6 Roxbury Parkway,5:50,16:37,10,88062,59344
_rrosierje,4900273422,2024-08-02,348-27-6145,HOTEL,50 Hooker Parkway,16:26,20:03,9,46725,11598
_fblissittlb,5150918261,2023-01-27,179-40-8535,VIVIENDA_U,39603 Melby Street,23:35,19:22,9,66643,21184
_lfettesn3,3048259376,2024-10-01,497-35-7852,HOSTAL,128 Burrows Drive,20:13,0:15,5,10311,47509
_ngoatmanr0,7652009049,2020-01-03,605-09-7329,P_NATURAL,56 Messerschmidt Drive,3:19,7:50,18,37991,46958
_glocockpa,0252190653,2020-04-30,454-55-0425,HOTEL,664 Glacier Hill Road,13:49,20:09,6,75858,54514
_nmcentegarthg,9900325044,2021-04-27,434-18-8398,HOTEL,51 Corry Alley,0:59,10:48,13,11456,24281
_dordidgemb,8977751047,2020-08-18,235-04-7673,VECINOS,0 Delladonna Alley,1:02,3:02,7,45632,43190
_btannrg,7478636144,2024-06-16,524-37-5849,APARTAMENTO,58 Namekagon Crossing,11:26,18:07,19,76965,16871
_rdownbg,4483902296,2019-12-08,101-64-2357,P_NATURAL,073 Declaration Center,9:43,3:02,25,72008,43787
_gcossemdc,0108446727,2024-08-26,310-19-2903,P_NATURAL,81 Utah Plaza,15:59,19:53,11,30628,9600
_pchandergm,6708691957,2019-06-11,579-55-8938,HOSTAL,1192 Gateway Crossing,1:28,13:44,30,63633,65577
_cnormadell2f,4241661300,2023-11-05,119-78-7225,APARTAMENTO,479 Moose Parkway,5:07,6:43,2,17136,27600
_jsyplusfz,4689210632,2021-03-23,262-16-1133,P_NATURAL,3 Columbus Alley,14:44,1:50,19,71419,10252
_lfettesn3,7623384139,2020-09-19,120-04-1615,HOTEL,8377 Jackson Terrace,13:39,6:58,11,7795,27109
_pabthorpeb0,3147985709,2025-01-09,159-88-2303,APARTAMENTO,8110 Raven Court,0:15,13:31,27,33858,31765
_patgern8,6073352050,2024-12-07,333-77-7583,VECINOS,6611 Stuart Place,20:54,19:27,20,30789,74494
_slabesak,0002647729,2021-07-04,217-63-6522,HOSTAL,5190 Washington Trail,2:29,4:37,24,36596,51362
_psineathjq,2944869493,2020-10-10,148-34-2054,HOSTAL,081 Cody Center,14:12,16:13,28,66105,61400
_sseaborne7c,7598528489,2023-10-09,646-34-4405,HOSTAL,3 Vernon Way,5:08,0:00,18,3127,94557
_wretchless2s,1971200042,2022-08-30,652-65-9812,VIVIENDA_U,444 Veith Terrace,8:02,17:30,17,80675,36881
_rchelleygj,3667676220,2025-03-16,702-88-1408,HOSTAL,65 Grim Way,5:51,21:50,23,20651,3490
_acortesiy,2183571888,2024-07-09,784-17-0329,VECINOS,05079 Cody Terrace,20:46,17:28,21,20949,86395
_jgraysmarklc,8568608361,2020-07-15,428-65-7922,HOTEL,8 Swallow Plaza,10:26,6:30,27,87979,6901
_lcaldicotao,5663649514,2021-01-14,381-76-8241,VECINOS,09 Di Loreto Street,7:36,3:33,10,17299,62705
_ktrinert,4740066068,2019-11-16,201-69-4119,P_NATURAL,9578 Elgar Circle,3:39,0:05,24,21997,81699
_kbroomhall2w,5152323397,2025-05-05,873-54-1846,HOTEL,70 Northwestern Park,11:27,12:56,6,45759,52624
_smapholmov,9155718124,2023-07-29,410-80-6863,VECINOS,82 Westport Alley,5:31,8:51,20,79060,27162
_kknevit7s,9704926871,2019-11-30,508-47-3110,VIVIENDA_U,5425 5th Crossing,11:25,2:39,6,19416,85045
_jcordellefv,8111603789,2021-12-21,499-87-0615,HOTEL,0 Dunning Center,9:02,5:59,26,11364,27588
_mfruchonf2,2051007446,2021-10-30,341-46-3283,HOSTAL,23 Ridgeview Street,23:02,12:31,29,44004,20243
_dburlesdx,8173692750,2020-02-09,246-17-7291,VECINOS,2273 Pierstorff Avenue,5:34,9:03,25,41945,22987
_pdallincf,1855383896,2024-07-02,246-24-8672,VECINOS,33764 Lunder Place,21:59,7:07,1,29279,39201
_spershouse4y,7099370960,2021-10-08,734-58-5797,VECINOS,14253 Forest Center,21:03,0:30,24,11757,31683
_nthiemeqk,0859642003,2022-07-23,183-95-3234,APARTAMENTO,30021 Pearson Alley,14:17,18:53,2,86227,20978
_jroswarnl1,2934738299,2022-04-26,579-99-2159,VIVIENDA_U,8 Ridgeway Plaza,21:19,1:40,10,35352,40433
_cbalfourgo,2668160111,2024-01-01,312-65-1046,VECINOS,2 Ilene Center,9:17,13:03,3,15113,96900
_bkewardcu,6940433767,2021-05-12,826-55-8734,APARTAMENTO,76023 Cascade Center,0:27,9:18,4,12363,17461
_aheliot3y,0946085218,2025-04-23,852-14-1844,APARTAMENTO,95122 Continental Avenue,0:13,1:07,8,17298,70742
_cvedenichevgs,0485762897,2021-05-20,654-26-9998,VECINOS,401 Warrior Hill,12:52,2:04,4,91117,1455
_rlongriggfo,4067488351,2021-12-19,860-76-4087,HOTEL,69828 Dixon Parkway,3:21,15:19,7,95505,51709
_efackneyrk,0547712693,2019-07-18,763-50-5887,VECINOS,2738 Vidon Junction,15:52,6:28,7,93596,31412
_oskeatsft,7091035038,2022-08-22,875-10-0980,VIVIENDA_U,169 Melrose Alley,0:00,10:03,8,64970,51919
_krussenpc,6982954161,2025-05-02,285-26-8904,VECINOS,0 Elmside Alley,10:40,14:41,15,75963,16286
_bburganp4,9877930250,2022-02-28,864-33-6207,P_NATURAL,344 Killdeer Point,2:50,4:19,4,3738,20324
_jsherland8,7969688330,2025-03-20,199-90-9365,P_NATURAL,77 Northport Terrace,1:40,11:02,27,92174,83949
_acastiellop0,5041571791,2022-07-31,475-28-3958,APARTAMENTO,881 Calypso Park,23:55,21:09,1,31468,81018
_cbalmforthav,5169519168,2024-11-15,169-54-2079,APARTAMENTO,3 Lillian Plaza,9:24,11:25,16,93459,51022
_moheagertiebh,5634025281,2020-07-16,831-72-0735,VECINOS,78 Delladonna Junction,12:56,19:08,17,87595,38692
_mflacknell6i,0759217017,2024-01-13,285-74-5955,APARTAMENTO,17 Derek Place,0:15,14:58,14,56174,48557
_jcullrford9d,6370471143,2022-08-20,410-64-9311,VIVIENDA_U,52 Warrior Lane,7:45,21:27,11,14529,53741
_hsteffanon,1706171919,2020-04-03,434-59-3447,APARTAMENTO,83 Scott Park,13:13,7:59,7,63185,49786
_slabesak,7435258504,2020-11-03,814-93-2148,VECINOS,42355 Corscot Parkway,13:26,20:45,30,95053,84349
_cvedenichevgs,0426219775,2022-01-28,828-80-7668,HOTEL,4901 Trailsway Avenue,17:54,11:51,7,15591,43956
_wteresiqs,6038415564,2024-04-13,432-34-6749,HOSTAL,4 Sullivan Plaza,1:17,0:33,13,7149,65816
_alockerhq,8294597201,2023-10-24,863-33-0436,P_NATURAL,53643 Springview Road,17:03,2:33,9,83112,10567
_cfishlym5,3415220788,2025-03-24,303-95-4905,APARTAMENTO,9483 Scofield Hill,18:21,18:52,2,10293,21447
_glissemore8g,0431476586,2022-04-10,650-48-1074,HOSTAL,3880 Bashford Hill,16:22,12:13,3,84639,96961
_meppsr4,7086681679,2023-05-30,443-99-0315,P_NATURAL,34 Debs Junction,7:03,18:42,6,12228,97463
_tcashfordc4,8903885686,2023-05-24,770-30-0579,VIVIENDA_U,0207 Hoffman Road,2:55,10:25,26,12551,41216
_rtoffanelli1r,1818646064,2024-07-31,514-06-1530,VECINOS,331 Oriole Point,2:00,10:44,22,7417,84282
_sasquithoe,7286823841,2024-01-31,473-96-6330,VIVIENDA_U,24438 Rowland Way,9:37,0:41,10,45637,43797
_apeegremgh,5286345395,2023-11-22,189-65-8038,HOTEL,4 John Wall Pass,6:52,9:15,24,74237,82051
_mclissellm9,7619524851,2023-08-25,889-86-5312,APARTAMENTO,15 Straubel Point,22:20,6:18,1,9268,36149
_dsilberde,7828800436,2025-01-10,125-12-6105,VIVIENDA_U,4541 Rockefeller Circle,14:55,22:31,16,29366,52870
_kcollumbell2r,3649892421,2023-11-13,497-86-8606,VECINOS,42 Merchant Drive,23:42,2:14,3,66812,92544
_aschachep,6097108656,2022-03-20,385-96-5843,HOTEL,703 Gale Point,23:42,14:14,17,14815,93189
_levershed6e,6522578077,2024-11-16,477-46-9810,VIVIENDA_U,996 Grover Junction,12:02,3:59,17,74980,32190
_zfotheringhamgq,2700488148,2022-07-26,227-76-1463,APARTAMENTO,59 Helena Pass,16:25,15:07,29,60388,21397
_cnormadell2f,2741208670,2024-06-14,199-94-9973,HOSTAL,26682 Acker Street,23:25,3:01,28,88812,69426
_tavramovskyhe,3425390228,2020-10-05,142-83-1728,HOSTAL,9 Di Loreto Point,22:10,16:30,1,72320,27846
_cgifkinsj0,9726515521,2020-09-28,266-24-1880,VIVIENDA_U,6 Fremont Street,3:45,20:36,23,63849,33289
_jgorstlj,8180728706,2020-04-24,646-37-5746,P_NATURAL,918 Declaration Trail,19:55,19:45,18,86797,434
_astofflerq7,4603968523,2025-01-14,560-85-6472,HOTEL,06701 Hoffman Road,7:34,0:13,15,80990,41340
_vcaretter1,5669357906,2022-09-15,236-15-0055,VIVIENDA_U,718 Morrow Junction,12:48,9:02,20,82317,71929
_heeleshj,7883498142,2023-12-01,297-94-9148,VIVIENDA_U,369 Center Hill,18:14,4:53,12,18406,28486
_wgayle6o,1759007447,2024-11-16,412-09-8317,P_NATURAL,89149 Northridge Center,17:28,22:29,19,49913,60620
_abedboroughf4,0855794437,2019-12-22,753-18-4559,VIVIENDA_U,376 Bartelt Center,9:10,6:45,1,69230,74320
_mavrahm1a,1897133367,2019-11-01,510-50-1508,HOTEL,982 Walton Center,22:57,1:32,6,10589,68650
_bhaigcy,6780959367,2023-11-30,198-35-0988,HOSTAL,36 West Trail,11:08,16:36,25,9767,53222
_tcashfordc4,7438932117,2024-03-04,247-25-7757,VECINOS,3 Warbler Center,0:16,10:09,26,64643,64064
_ccatonnetf7,3247739653,2024-01-29,304-09-7788,VECINOS,503 Elgar Court,20:12,22:36,1,95962,4411
_ljodkowskirb,0272594733,2020-09-04,812-22-1809,APARTAMENTO,739 Maywood Avenue,14:51,9:45,4,67325,39101
_lclimara2,6029562460,2019-09-05,594-34-8978,APARTAMENTO,854 Holmberg Parkway,7:52,5:50,1,41863,93685
_gmessumkp,0275128369,2022-05-03,406-02-1170,HOSTAL,2190 Mandrake Place,16:55,12:28,23,56006,12671
_wcockaymekr,6755520292,2023-09-02,325-29-2800,HOTEL,69927 Blackbird Circle,8:10,19:21,15,32568,95341
_fshambrookejy,0498685799,2023-08-25,851-45-5692,APARTAMENTO,118 Browning Plaza,19:47,20:35,11,28458,9470
_ppetyankin3q,1087261554,2019-09-06,409-68-3214,HOTEL,45026 Hovde Avenue,16:37,3:19,14,13495,93181
_jkarpfs,7802571359,2020-04-28,823-53-9053,P_NATURAL,366 Pepper Wood Terrace,11:59,15:57,12,24604,99589
_crheadh5,7676652936,2022-02-02,467-23-7556,APARTAMENTO,302 Meadow Ridge Point,18:20,23:07,10,9844,23228
_mcasolba,6875796724,2023-12-04,133-83-8350,VECINOS,487 Barby Junction,18:19,16:48,17,64344,1627
_ciskowerk0,0331418185,2023-01-19,180-81-6062,VIVIENDA_U,05 Cody Drive,16:37,0:10,29,25304,9974
_amcanejd,3406117635,2024-08-08,590-87-4079,P_NATURAL,1520 Welch Parkway,18:13,21:03,18,74908,38146
_ppizzeyd2,9643254992,2024-07-25,899-81-0655,HOSTAL,005 Helena Park,1:22,19:24,29,48559,43925
_rblakemore31,7773227233,2022-09-01,292-28-8189,HOSTAL,3 Basil Crossing,4:30,13:41,6,82439,16188
_kwilmanm7,1990423396,2020-11-18,591-57-3832,VECINOS,433 Mockingbird Road,15:12,9:49,2,68908,57988
_edrewitt21,9693952383,2019-08-29,895-22-5347,HOSTAL,05283 Kropf Lane,21:28,8:16,30,3721,975
_pabthorpeb0,1261455592,2022-07-26,425-30-6242,APARTAMENTO,87176 Buena Vista Circle,17:54,15:40,27,42987,97911
_geastabrookeo,1333701748,2020-04-18,336-03-5856,HOSTAL,926 Pankratz Circle,16:18,9:35,29,1601,98675
_jmechan9f,5992282149,2024-11-17,219-30-1455,APARTAMENTO,658 Basil Park,12:33,22:56,30,68116,98489
_sbroadberrie57,3461686727,2019-08-15,455-28-2852,VIVIENDA_U,38009 Melrose Trail,12:23,6:55,29,48540,51994
_kpayle2j,3608650466,2025-03-13,569-82-6415,HOTEL,7 Warner Hill,17:05,1:50,19,36864,16498
_clinehamma,5262097235,2019-10-08,133-26-6268,P_NATURAL,447 Scott Street,12:06,8:42,15,1362,69064
_cbrydonepx,5908262862,2022-03-10,717-25-4947,VECINOS,42 Center Center,4:39,8:09,15,50758,62425
_msimmonettkg,0318565889,2024-08-17,809-43-4096,HOSTAL,16 Anhalt Avenue,14:07,20:01,11,8684,33559
_apoundsford2u,7850120353,2021-09-12,148-19-9012,HOTEL,974 Talmadge Junction,4:22,7:25,4,48048,63081
_gmessumkp,5550846284,2021-08-04,132-97-0522,HOTEL,79396 Hermina Alley,22:55,1:59,11,26421,86031
_flintin2n,7275220083,2020-10-04,453-18-7694,HOSTAL,1288 Lindbergh Crossing,23:35,21:31,30,38526,23634
_hpetrick,8236961699,2021-08-28,606-73-0880,VIVIENDA_U,0489 Schurz Junction,21:31,20:05,29,58977,4235
_hgerckenspk,6356815264,2023-08-29,118-20-4993,P_NATURAL,709 Butterfield Park,8:48,8:03,2,4520,11511
_kknevit7s,6937312695,2022-05-09,824-56-3015,VIVIENDA_U,495 Brentwood Road,11:00,6:40,12,91577,9877
_tglendenningrl,6968354160,2025-04-28,660-52-4730,VECINOS,36 Coleman Drive,21:14,2:51,24,36075,87259
_smangeon5s,0595513271,2022-06-28,632-52-5375,HOSTAL,814 Merrick Pass,6:35,21:13,25,8295,2347
_dgorellilr,4293625313,2025-04-14,850-98-0791,VECINOS,4470 Macpherson Alley,21:49,4:02,1,20662,44703
_cgifkinsj0,8237284755,2020-12-02,888-06-0370,HOSTAL,75 Lakewood Gardens Point,14:53,9:00,23,70096,45129
_hwarriorjb,1996192833,2019-08-22,836-22-3590,P_NATURAL,641 Rigney Alley,11:54,14:47,18,67591,24060
_lathridgejf,4056301131,2023-03-23,530-56-0878,VECINOS,18 Declaration Plaza,13:15,16:07,16,99785,59282
_ajakovijevicmg,2370631643,2019-06-27,265-21-1757,HOTEL,4736 Meadow Vale Junction,8:26,13:14,14,92401,94104
_pchandergm,3673487744,2023-08-30,749-53-3577,P_NATURAL,9 Artisan Hill,6:13,12:43,27,75972,38346
_ebecken6c,1825820163,2022-10-12,635-53-4383,VECINOS,213 Esch Street,21:48,23:47,4,13162,50286
_sasquithoe,0368699889,2023-08-29,472-91-4364,VIVIENDA_U,421 Claremont Parkway,4:42,16:48,25,70234,12326
_arasenf,8428376328,2023-05-29,220-35-6931,P_NATURAL,098 Erie Lane,16:59,3:17,6,57705,51961
_pdalwoodme,1036897192,2023-08-14,384-06-3095,HOSTAL,11972 Hansons Plaza,23:22,12:01,7,81560,23750
_dchampnessb7,1358279713,2025-02-12,399-74-0157,P_NATURAL,78 Packers Circle,14:54,19:38,19,1563,39249
_gkingsbury1q,4732414141,2025-01-17,231-80-0543,P_NATURAL,5 Valley Edge Drive,1:49,18:02,11,93347,613
_dbricknerkw,7580989239,2024-02-27,755-10-7177,APARTAMENTO,873 Hooker Way,21:43,18:51,30,25674,38078
_mtironk4,4329897393,2020-01-16,645-29-6767,APARTAMENTO,26 Grim Plaza,5:04,16:24,18,40104,93829
_okerleyqf,3268255124,2024-09-23,523-66-5415,P_NATURAL,6034 Westend Alley,1:24,21:56,4,78185,25477
_bbayleyjm,3077273292,2023-09-01,396-13-9573,P_NATURAL,7 Dottie Way,12:00,12:49,29,31163,39791
_pkeaveneyms,4646007517,2023-04-06,766-88-6837,P_NATURAL,10249 Cardinal Center,17:37,18:20,3,60391,50970
_zfotheringhamgq,3211115307,2022-01-27,830-97-0102,VECINOS,8 Starling Alley,0:56,3:47,18,16845,93624
_emcandie9o,0552862061,2022-04-16,594-63-4048,VECINOS,81122 Lakeland Street,2:39,0:17,30,80408,67305
_hhutleyg0,7479504373,2020-08-02,557-69-0211,P_NATURAL,238 Arrowood Place,9:11,23:32,30,73963,43292
_ckleinlererrd,8061674173,2021-07-09,255-69-4822,VECINOS,44124 Cherokee Drive,8:41,16:56,21,87220,55859
_eeasby3k,0075190990,2020-12-04,861-69-3317,APARTAMENTO,87344 Clove Court,12:39,13:26,4,21157,33271
_akubicaqa,5269363461,2020-01-17,135-27-3675,HOTEL,486 Anthes Trail,13:12,14:01,27,47417,86756
_johagirtieqy,3832723455,2020-01-08,412-49-7358,APARTAMENTO,1602 Esker Drive,19:03,15:14,28,41012,25724
_bbeachamda,9250983018,2023-05-09,871-73-4654,P_NATURAL,3 Portage Trail,16:40,4:03,19,3797,81444
_egoeffip,1171884761,2023-09-08,422-83-5813,P_NATURAL,391 Chive Drive,8:53,4:35,27,80309,14037
_dpetrowsky2l,8736589373,2020-07-06,297-40-5871,VIVIENDA_U,779 Rockefeller Pass,8:49,5:36,28,67739,24297
_pkeaveneyms,1952025133,2021-07-18,768-29-6181,VIVIENDA_U,29617 Autumn Leaf Hill,7:52,12:59,3,23724,65126
_cabramowitchlk,2986245404,2023-09-23,552-51-7060,APARTAMENTO,2 Arapahoe Plaza,20:49,21:35,20,27475,13505
_rblakemore31,1972149466,2020-12-05,753-05-6613,P_NATURAL,479 Troy Pass,17:53,8:12,6,32473,11667
_cwooles5b,5778485921,2021-07-31,143-20-2854,HOTEL,462 Bluejay Park,7:25,6:46,22,59566,34472
_blamyd,8600370833,2024-09-01,898-90-0842,HOSTAL,25 Nova Drive,11:24,3:56,9,38039,87825
_aandreoletti1b,9650548157,2019-09-13,552-60-7896,APARTAMENTO,22 Bowman Circle,1:27,9:25,4,32214,21721
_nhaddonb2,3047655979,2023-01-10,808-71-0300,HOSTAL,83514 Larry Place,6:05,3:51,22,55848,91867
_dwignall5j,9131935001,2021-05-07,210-46-1891,P_NATURAL,1600 Leroy Terrace,14:10,1:59,24,57722,52484
_govettkj,8876242074,2019-09-11,469-98-5272,VECINOS,9962 Badeau Court,21:44,18:18,29,38663,87341
_csimonin6b,8621325780,2023-05-07,685-36-4491,P_NATURAL,9 Butternut Lane,2:52,16:59,3,31536,46214
_amaccollom3h,4544118417,2023-11-26,769-38-3179,VIVIENDA_U,603 Sunnyside Drive,0:48,16:36,26,38533,53977
_byearnes9p,2008079767,2024-06-27,551-84-6624,P_NATURAL,0 Lakewood Gardens Avenue,9:35,0:18,20,61585,56743
_mjarvisbe,6149404269,2023-04-18,874-65-4357,P_NATURAL,7791 Stone Corner Point,13:56,4:32,10,77331,34628
_osomertonl8,1014971063,2023-01-22,260-61-9276,P_NATURAL,527 Chinook Junction,21:19,3:34,11,69369,82321
_gchinneryk2,5451127328,2020-05-03,524-68-1114,HOTEL,71107 David Terrace,23:54,4:34,26,24717,65464
_ahurdis7p,4409307517,2019-08-04,652-46-9558,HOSTAL,799 Butterfield Lane,5:08,6:43,12,30812,74080
_rhabronhu,3618603231,2020-04-01,125-50-6276,HOSTAL,6088 Erie Place,15:28,13:03,14,41724,28347
_iappsc3,6160327208,2024-11-15,618-39-9214,APARTAMENTO,4787 Coolidge Terrace,21:42,11:12,12,77243,49816
_fvarnalsr6,2690302535,2019-10-31,818-78-8629,P_NATURAL,7 Killdeer Place,23:41,21:22,6,47804,12297
_acaston95,5678150170,2022-02-11,425-89-0771,VECINOS,9 Victoria Pass,22:19,1:11,28,56880,46163
_mduropl,3025735201,2020-05-24,452-03-2497,VECINOS,7363 Jay Center,23:42,10:09,17,79580,54219
_mwright2e,6282643333,2025-01-22,222-70-8052,VIVIENDA_U,5449 Eastlawn Center,16:57,10:44,16,45789,3170
_heeleshj,0258476745,2023-06-27,161-27-4018,HOSTAL,921 Daystar Parkway,3:28,8:47,29,44038,6123
_hhaskinsam,5573399144,2024-06-21,363-17-2362,VECINOS,96 Pierstorff Place,5:34,5:53,23,17333,10642
_wbodicumaf,8172478070,2022-05-12,456-12-7511,APARTAMENTO,37401 Declaration Hill,8:50,22:00,8,67611,51889
_dblaine6z,0456279903,2022-09-29,257-13-6068,P_NATURAL,1393 Dryden Road,14:21,21:23,23,73494,5808
_mdmitrievskiln,7558698812,2021-03-04,720-70-8146,HOSTAL,0 Elmside Pass,14:16,9:08,4,2335,17533
_asesons5o,9752694160,2025-03-19,706-10-7829,HOSTAL,546 Bartillon Junction,21:20,21:22,15,55122,9286
_aponcet3a,8101895310,2022-07-12,383-39-5098,VECINOS,80 Holmberg Trail,3:23,13:54,22,1117,95033
_strask9c,2182618724,2023-10-22,459-77-7375,HOTEL,45426 Fallview Junction,14:46,14:03,16,61227,99167
_owyndhamgv,4176229152,2021-12-17,714-09-8492,HOTEL,5 Prairieview Hill,5:32,22:14,1,95555,50691
_ytruckett65,1339985659,2024-12-05,473-68-3631,VECINOS,23485 Surrey Junction,7:35,14:21,6,15198,34439
_nmcentegarthg,0128567635,2023-08-16,531-51-6606,HOSTAL,8893 Johnson Junction,14:20,18:32,13,85087,36417
_rgillamgc,0206710003,2023-09-03,420-20-9991,VECINOS,83 Marcy Street,13:09,7:55,9,17144,72521
_ccawtheray37,1271776480,2020-06-11,121-70-9362,VIVIENDA_U,152 Larry Trail,2:29,8:42,30,32392,26635
_hfundellpz,2177249058,2022-03-07,396-76-7435,HOSTAL,20893 Shoshone Place,18:10,8:27,22,81779,31757
_cgaigerqn,2939263043,2023-09-22,637-80-8931,HOSTAL,04074 Union Road,3:26,4:40,18,95584,84117
_hhaskinsam,4510306776,2024-05-03,521-21-1885,HOTEL,7835 Kipling Hill,10:45,21:36,15,15935,98377
_hsimysongd,4447812282,2024-06-24,137-82-4691,VIVIENDA_U,68 Westend Park,23:14,7:23,18,6360,22097
_jkeneford9m,7398550332,2021-03-14,443-98-3303,P_NATURAL,71056 Blaine Terrace,8:28,22:10,4,29394,75981
_rhallgartha7,5830396270,2020-11-17,766-25-4350,HOSTAL,90 Fieldstone Drive,23:00,12:59,1,21589,14282
_tmeech8j,2994172089,2020-08-27,374-84-0012,P_NATURAL,1414 Hansons Lane,12:21,10:00,16,2684,45650
_lpilkingtonw,8056978453,2020-04-11,801-18-0106,APARTAMENTO,6 Fairfield Avenue,10:34,0:27,20,15976,22100
_rcastellanay,4846767027,2019-11-23,336-76-6163,APARTAMENTO,36973 Truax Lane,7:21,22:12,18,86729,93986
_wrosenstock90,0926095609,2022-03-31,508-59-8834,APARTAMENTO,44130 Sheridan Center,19:34,12:28,23,28488,37228
_cgifkinsj0,9854146464,2022-07-07,883-29-6815,HOSTAL,60 Grover Parkway,1:37,23:08,2,22113,94007
_awitteroo,4088751515,2023-11-20,864-58-6708,VIVIENDA_U,3 La Follette Pass,17:16,8:36,11,70472,99636
_aiddins8q,8382802923,2020-09-28,788-73-6217,APARTAMENTO,465 Russell Drive,18:03,2:55,3,2785,54002
_ecaraher2,0336196083,2024-01-19,714-88-6485,HOTEL,10272 Acker Lane,13:40,0:34,18,65900,42440
_mkonmann96,2876793911,2024-02-11,881-10-3904,VIVIENDA_U,790 Randy Road,5:40,11:14,30,637,50545
_bbocking25,1444118730,2019-09-30,680-41-7849,HOSTAL,313 Ruskin Place,2:42,14:32,7,82803,76103
_ccawtheray37,3832657452,2022-01-07,344-22-9444,HOTEL,510 Talmadge Circle,17:03,3:37,16,35544,94429
_ppetyankin3q,0994792387,2021-08-03,350-93-5706,P_NATURAL,3 Hanson Junction,18:50,7:18,25,75166,60608
_wrosenstock90,7315071636,2021-01-08,745-52-4037,P_NATURAL,0025 Monterey Junction,5:19,10:05,14,94242,54885
_emeigh26,5450463014,2023-02-03,859-53-1916,VECINOS,99 Northland Plaza,18:08,18:18,5,24574,30277
_nklinerem,0823842991,2022-09-13,719-74-4325,APARTAMENTO,162 Stoughton Drive,19:41,23:02,3,55983,36840
_gacresm8,1941835104,2024-02-01,684-39-1975,APARTAMENTO,2 Grayhawk Alley,9:17,1:21,19,21532,93367
_lsalan3r,3891657455,2024-09-11,796-66-5027,VIVIENDA_U,452 La Follette Drive,15:45,10:56,11,92473,63925
_ecarlosdv,5069141031,2019-09-17,516-12-2944,HOSTAL,1364 Lunder Trail,17:25,13:55,16,5990,78462
_lcampesod,7575624880,2020-02-23,406-27-8220,VECINOS,66 Pond Trail,6:13,16:31,24,17572,97889
_elyddenbf,6584941760,2024-10-31,322-23-6859,P_NATURAL,06 Daystar Road,11:30,17:59,27,89790,61364
_kaccomb8t,1086026810,2023-05-25,702-72-4700,HOSTAL,401 East Trail,20:49,23:46,17,88657,49836
_amarrison98,4378536528,2024-02-02,171-50-6225,HOTEL,5485 Golf Course Parkway,21:18,13:08,10,39556,44943
_nhoveynb,8532038557,2020-07-23,306-21-2263,HOTEL,001 David Park,14:42,8:39,2,46707,5939
_cmazzilliq8,2635944458,2023-10-21,642-99-8893,VIVIENDA_U,307 Clyde Gallagher Avenue,19:43,16:41,12,77588,82445
_egeorgel60,4647501345,2019-08-14,786-03-4076,HOSTAL,57 Tony Hill,20:57,12:35,22,32314,74941
_bloucank,8061689561,2025-01-27,387-47-2795,P_NATURAL,148 Mccormick Avenue,20:48,23:46,8,2345,77821
_lmedcraftjt,1512052167,2025-02-16,228-43-0501,APARTAMENTO,6549 Lillian Junction,5:54,13:55,10,55113,96223
_cdincey69,8642301481,2024-07-08,742-17-6514,HOTEL,2755 Surrey Parkway,6:04,20:32,23,77229,83976
_jkeneford9m,5903048285,2024-06-18,558-40-5059,HOSTAL,973 Annamark Park,7:40,7:37,24,98426,1089
_srothermel97,0531109240,2023-07-08,435-92-4788,VIVIENDA_U,7292 Karstens Center,14:25,15:34,26,62051,36997
_ctofanelli5p,4534990111,2021-03-24,405-33-8078,VECINOS,40 Delladonna Park,1:13,16:23,25,73251,48781
_mantczakgk,9472808360,2019-10-26,134-03-4653,VIVIENDA_U,295 Derek Circle,1:40,23:20,12,70354,49929
_ecarlosdv,8824834922,2022-10-30,496-69-5092,VECINOS,1 Lakewood Gardens Street,6:45,3:17,9,69798,7839
_acaston95,0463077466,2021-11-27,183-89-7214,APARTAMENTO,112 Valley Edge Center,17:46,3:05,17,20714,6643
_lkopfen9w,8733044562,2024-04-28,579-64-7094,P_NATURAL,67 Elgar Avenue,20:42,10:39,16,15205,34961
_atwintermankz,3177626944,2020-06-17,487-45-3509,VECINOS,9 Hanover Center,13:50,12:16,28,20338,32998
_lpickervance40,0634922149,2019-11-12,675-73-7873,HOSTAL,0 Holmberg Drive,5:30,1:48,5,36780,46707
_rdunkerley3p,4126632980,2020-07-26,291-63-1885,VIVIENDA_U,92 Lakewood Terrace,6:35,6:33,4,58146,82216
_wcockaymekr,7442844383,2024-02-29,785-91-1688,HOSTAL,6 Corscot Drive,8:14,12:01,22,22919,44396
_ckleinlererrd,3467184170,2021-01-28,607-14-8102,HOSTAL,29 Bunting Trail,8:08,2:38,6,28437,48595
_apirkis4r,6870074747,2019-08-12,120-16-4762,VIVIENDA_U,84 Mariners Cove Pass,8:40,9:44,6,31074,32453
_ntoffaninikb,1512730378,2021-05-02,398-52-9631,HOTEL,03160 Tony Alley,4:05,10:26,8,45415,40923
_amcravey4w,3485023949,2019-10-06,783-27-7608,APARTAMENTO,23038 Oak Valley Junction,21:16,12:44,21,4278,50506
_asellicke0,7440439112,2023-08-24,867-12-6596,HOTEL,53 Mitchell Drive,13:44,22:25,22,84056,63168
_mmougeotpu,6784829239,2025-03-14,401-65-9579,HOTEL,378 Burning Wood Trail,23:50,12:09,19,15196,73452
_khambyi,8377453347,2020-12-14,647-57-7720,P_NATURAL,991 Esch Drive,1:23,4:01,1,72090,25873
_gausth7,4881300083,2021-01-11,210-88-0255,HOTEL,4 Warrior Road,19:00,12:20,10,68577,36892
_kbeaconsallnt,8158332153,2023-11-01,638-95-0024,VIVIENDA_U,903 Susan Road,19:27,19:17,23,20009,64023
_arasenf,5436612199,2023-05-12,428-80-2342,VIVIENDA_U,32532 Lighthouse Bay Junction,8:26,2:28,20,58630,52254
_fgobellb,9726199573,2022-09-19,388-65-0244,VECINOS,91736 Roth Point,9:19,6:00,28,28330,80333
_gcarvelli9,6109615137,2022-01-10,548-14-7187,VECINOS,5 Blue Bill Park Way,8:54,2:57,29,99324,89578
_bzemlerji,9456344983,2025-01-31,783-30-5111,P_NATURAL,46 Del Sol Point,10:27,9:08,5,86971,23795
_whaimekx,9690230204,2023-04-05,583-58-9381,APARTAMENTO,029 Graedel Alley,17:32,12:56,15,43857,48215
_bdunlap6r,0612601986,2022-01-23,269-47-8613,HOTEL,31439 Annamark Terrace,15:43,5:35,15,25869,98279
_ccawtheray37,2083976665,2023-08-27,763-27-1289,VECINOS,38 Bay Avenue,5:28,4:44,7,73971,78904
_ajakovijevicmg,0982633556,2020-02-13,492-03-7599,VIVIENDA_U,1 Hazelcrest Hill,23:41,7:12,13,49266,36428
_gomond8c,1599447975,2021-04-23,505-79-9244,VECINOS,9 Burrows Drive,16:00,21:54,24,31121,3552
_redgecombe8k,2985925975,2022-12-16,586-82-6032,VECINOS,68 Kedzie Park,12:47,15:39,18,70468,83224
_vbaudymr,4020260982,2021-10-16,418-03-6151,VIVIENDA_U,76 Onsgard Parkway,19:00,22:04,9,26538,47051
_ftoolan6h,2936045681,2021-07-28,674-52-4337,HOTEL,7 Dawn Pass,6:03,6:42,27,33676,38113
_cjakobssenpg,9912234812,2022-04-29,898-44-2289,APARTAMENTO,80383 Pankratz Alley,13:00,20:52,20,67562,87518
_ddyde8h,9066235543,2021-12-22,431-65-1532,HOSTAL,9415 Mccormick Alley,13:34,20:06,2,57621,40848
_ohalsteadb1,2893144748,2023-12-11,500-61-5022,HOTEL,61821 Emmet Trail,20:19,3:00,11,2717,41514
_gdubs9l,9193746199,2022-08-11,327-54-2960,P_NATURAL,18435 Harbort Place,7:54,19:54,17,41969,20547
_hhutleyg0,4011549738,2020-06-19,164-37-1056,VECINOS,0 Golden Leaf Drive,8:05,0:56,7,92669,15498
_ktowejr,8697430143,2024-03-01,860-92-8934,VECINOS,31 Columbus Alley,7:18,9:02,25,26873,39977
_bcockke,4185751621,2025-05-18,502-94-1450,HOSTAL,61 Leroy Plaza,6:29,17:03,18,38314,79216
_wpigotiv,2105031676,2024-05-07,551-19-7399,HOTEL,542 Sunnyside Pass,9:45,18:05,29,27280,98545
_hbreedy79,8765437128,2020-06-08,473-03-2231,HOSTAL,37 Petterle Way,19:11,19:53,19,62700,77354
_abedboroughf4,2208440706,2020-04-21,335-86-5366,VECINOS,9288 Hansons Park,18:58,5:37,8,38702,88180
_amacaughtriehm,2737231892,2020-12-17,358-85-8656,VECINOS,686 Ridge Oak Alley,6:40,14:42,10,4681,54420
_jkinmannd,3388151393,2020-11-04,153-97-2660,VECINOS,0566 Dakota Terrace,11:43,3:15,5,60088,82201
_spilch2k,0440840635,2019-06-19,599-51-2768,VECINOS,924 Hallows Lane,4:12,5:32,11,69552,44426
_wdamerellqw,0153055952,2022-02-17,720-70-4167,VIVIENDA_U,6 Oakridge Drive,1:10,16:38,26,83761,59699
_blegoode1,6136667096,2024-09-18,658-16-9811,P_NATURAL,54859 Cottonwood Center,10:45,7:46,28,3611,86842
_emcshane1l,8439106726,2020-07-11,133-37-3445,VIVIENDA_U,1 Surrey Place,15:38,3:33,23,46991,21315
_glundyo5,8718990258,2022-03-27,838-15-6038,APARTAMENTO,6152 Hooker Lane,14:34,21:26,28,90998,14137
_mflacknell6i,3674091925,2020-08-29,665-72-2283,HOTEL,0 Green Place,0:26,0:22,9,20264,64379
_mmachel7i,6393709626,2024-01-24,848-18-0963,VIVIENDA_U,77 Utah Parkway,1:08,5:23,20,66511,65362
_ljodkowskirb,5753482430,2019-06-24,212-81-6107,P_NATURAL,97 Stephen Park,7:26,4:40,16,84893,92718
_lragsdale6v,7028975525,2024-01-12,814-71-9391,HOSTAL,116 Starling Pass,23:46,23:47,26,22125,59686
_eanstisie,3696337595,2024-10-22,810-30-0335,P_NATURAL,40 Sommers Circle,0:42,20:38,19,94264,17746
_pcook9k,1001524128,2023-01-17,338-59-0045,P_NATURAL,740 Oak Valley Way,16:46,20:43,13,97420,76828
_ebockhfh,5340277828,2019-09-24,664-34-0686,HOTEL,1 Lien Junction,9:28,4:32,12,57089,62082
_tjaggli8d,8829334197,2019-11-21,465-65-5890,HOTEL,2985 Anzinger Circle,22:55,8:21,1,89590,501
_bkewardcu,7029047877,2019-06-09,602-43-6999,P_NATURAL,80 Pond Drive,21:27,2:29,26,97568,18969
_asweatinghh,5692499886,2019-08-09,143-13-9178,VIVIENDA_U,76048 Stephen Way,6:26,16:44,13,50123,54613
_kbeaconsallnt,7658941530,2024-11-22,625-14-5732,VECINOS,16 Maple Wood Parkway,6:40,9:22,15,75654,64189
_hburtwistlerq,8558850070,2020-01-28,133-71-6969,HOSTAL,8 Redwing Parkway,0:41,0:32,8,49793,39236
_cedmeadaa,9796732823,2022-12-07,535-95-9281,HOSTAL,52 Melrose Street,2:14,14:10,26,25561,78490
_epierpointqe,5118511615,2022-06-19,181-80-3112,HOTEL,86 Roth Road,0:11,1:50,26,14243,7393
_abreed3e,3401508717,2020-12-11,679-50-1607,VIVIENDA_U,2 Welch Lane,19:21,0:52,2,6878,76706
_jwestnedge4v,4409933159,2022-10-30,505-38-7323,HOSTAL,93 Village Park,11:39,17:01,11,77522,24922
_cbalfourgo,3457099472,2021-04-09,480-07-5787,VECINOS,8423 Waxwing Place,3:23,0:33,30,8685,42564
_sbartolijnaw,5839107131,2024-04-21,548-15-8937,APARTAMENTO,2 Redwing Crossing,9:14,23:58,20,7028,6064
_gacresm8,1222596490,2024-05-28,895-02-3732,VECINOS,93 Hoard Point,22:26,16:30,29,7732,59247
_mbackshallb4,9362293595,2020-10-11,518-82-9075,APARTAMENTO,189 4th Court,9:41,14:01,23,25528,22627
_jscalloncg,3222175748,2023-07-28,363-56-4138,VIVIENDA_U,28562 Anthes Circle,4:58,22:18,2,11738,32038
_rpontainog,7127375887,2023-09-07,475-50-7422,HOSTAL,38883 Warner Avenue,15:13,23:39,5,84257,82620
_esinkin1s,4374009523,2022-01-20,560-87-4054,HOSTAL,8 Longview Hill,6:57,3:58,30,60982,4960
_mkonmann96,6175027248,2024-04-04,651-28-8466,VECINOS,53440 Mockingbird Road,16:01,0:21,22,81680,45935
_dkohler3g,7189755861,2021-10-27,854-21-6193,APARTAMENTO,605 Surrey Plaza,8:42,2:15,2,62843,97112
_glukinsou,0973608919,2023-12-08,893-23-2934,HOTEL,22067 Magdeline Lane,4:01,19:05,6,87964,74956
_klorandc5,0613653025,2021-11-14,112-92-8481,HOSTAL,35571 Thompson Crossing,20:56,14:04,7,7034,67290
_sbrozo4,5987488338,2021-01-29,381-08-7422,VECINOS,474 Shasta Circle,1:48,6:55,10,24559,82902
_mbrockettn7,9954036199,2020-06-13,496-11-2487,P_NATURAL,4408 Oxford Park,8:03,18:46,7,10277,79238
_lheisham78,4851719051,2023-03-25,842-76-5609,HOSTAL,6993 Rutledge Circle,17:23,19:05,8,27296,78475
_ldewmn,1216892571,2024-12-15,894-63-3835,HOTEL,9387 Katie Way,17:20,18:36,8,64743,18927
_lbillyeald14,1491637099,2023-12-18,669-98-8381,HOTEL,6920 Lillian Pass,8:58,1:37,7,93312,8685
_mgrievsonn1,7129273704,2023-10-31,329-91-1731,HOTEL,23597 Roxbury Center,6:53,22:22,22,85735,8934
_tavramovskyhe,0712162127,2024-10-02,638-43-1920,VECINOS,990 Prentice Street,2:55,17:39,11,66318,58461
_cmamwellfb,3739915927,2022-12-19,570-28-8221,HOTEL,4524 Scoville Center,23:55,1:25,18,53821,10716
_lpickervance40,4032183333,2019-12-15,342-73-1893,VECINOS,856 Burrows Road,20:56,1:22,23,43014,54529
_nhaddonb2,3120822051,2024-05-15,639-12-0416,VIVIENDA_U,8 Jenifer Crossing,22:19,20:31,9,10894,78097
_jfarnie3m,8721990670,2021-01-25,509-24-8325,VIVIENDA_U,640 Merry Way,2:01,10:54,7,79025,42383
_opepysno,3561956408,2023-08-21,297-63-4063,VECINOS,00 Sloan Way,1:51,11:35,1,93109,87029
_oblacklidged6,3336053625,2019-11-09,613-18-2255,HOSTAL,9176 Schlimgen Park,22:32,13:55,9,23700,35501
_hwarriorjb,6595032120,2019-07-12,586-18-0042,P_NATURAL,63535 Forest Run Junction,20:19,7:22,11,62713,91396
_kscottesmoor32,4194366859,2022-09-07,225-39-3664,HOTEL,67 Havey Center,6:34,7:11,6,35666,8694
_asarrell1y,2359645013,2021-12-31,436-97-4583,HOSTAL,9 Ilene Road,16:27,3:10,21,48870,82363
_heeleshj,2559177390,2020-03-10,589-85-9867,HOSTAL,0359 Thackeray Avenue,13:31,20:31,14,14530,9880
_lsorton8a,2702815871,2022-01-19,598-29-0506,HOTEL,7782 Old Shore Avenue,2:46,9:27,26,70672,83345
_abedboroughf4,0611807270,2022-07-15,888-75-5086,P_NATURAL,064 Morningstar Trail,0:38,22:59,29,56926,57118
_dkohler3g,8008087447,2021-11-09,420-36-8633,APARTAMENTO,572 Fieldstone Park,18:21,17:59,11,67261,57898
_ihanbridgeks,6848233188,2024-12-08,349-23-2958,VECINOS,02606 Utah Circle,14:37,1:10,3,24363,8379
_rchelleygj,9879707036,2024-06-02,767-04-1514,APARTAMENTO,61110 Rockefeller Street,15:44,6:32,13,99045,23032
_dgulliford1v,5887805471,2022-10-27,890-46-5208,HOSTAL,5 Anzinger Crossing,9:49,7:56,3,27513,66348
_erumbelow3b,4291947062,2023-03-02,226-44-5402,APARTAMENTO,080 Oak Valley Road,17:36,5:11,2,87552,88386
_epelzl9,5681948803,2023-07-09,485-60-3075,VIVIENDA_U,519 Holy Cross Hill,20:04,3:57,24,35947,59180
_wcockaymekr,6431846362,2023-12-24,240-55-2235,P_NATURAL,6 Lighthouse Bay Parkway,13:58,8:24,25,80540,32632
_whubbart2b,5327285227,2021-09-05,863-11-3361,VIVIENDA_U,75 Esker Park,22:23,21:33,18,2619,88172
_jwestnedge4v,9179120555,2023-04-19,865-83-2170,APARTAMENTO,00656 Dennis Center,8:29,15:24,12,47528,38167
_rhabronhu,6064280107,2022-01-29,312-12-2908,APARTAMENTO,649 Bellgrove Center,1:48,23:48,12,34276,31440
_zbointoneb,1435038142,2019-08-08,115-95-0991,VECINOS,670 Shoshone Park,2:03,3:11,13,84788,52519
_csanzr3,1992647844,2021-02-14,790-53-4255,HOTEL,045 Homewood Court,12:42,23:55,24,51860,69363
_wdebroke4d,7187094310,2024-11-25,727-75-6536,VECINOS,41588 Fulton Hill,20:38,5:31,6,23907,5859
_abellwardlm,0232393346,2019-06-19,194-36-2637,HOSTAL,8 Fuller Court,17:44,3:55,15,48954,44361
_gbernhart8m,9088436592,2021-03-06,338-64-7060,HOSTAL,04368 Dahle Lane,22:05,22:34,2,52646,93523
_gskarman6x,5151512188,2023-08-14,683-51-7359,HOTEL,07702 Cordelia Terrace,4:01,9:57,1,68428,62905
_pskitt7j,4705729072,2025-02-27,285-44-3355,VECINOS,71 Springview Avenue,17:13,5:28,23,47555,7665
_gbernhart8m,0281268924,2023-11-14,374-07-3263,HOTEL,66 Nelson Pass,11:54,22:29,4,89872,20666
_asellicke0,7850394879,2022-02-15,448-71-8420,HOTEL,43 Tennyson Alley,16:53,23:32,26,1022,19033
_htilberryoq,7208518025,2023-01-17,724-96-2743,APARTAMENTO,2 Cottonwood Terrace,1:55,15:01,12,89759,54819
_rchelleygj,9164235726,2020-05-01,600-62-7296,HOSTAL,53258 Bashford Junction,20:36,19:22,24,48696,96
_aavrashinjp,1205906746,2020-03-09,762-41-9838,HOTEL,425 Roth Avenue,19:24,20:40,15,25307,22802
_kbroomhall2w,2337311597,2021-07-10,319-66-5670,VECINOS,36 Mockingbird Circle,19:58,0:12,25,28300,43024
_fgiddings2m,7940793500,2020-11-30,252-68-5228,APARTAMENTO,25566 Westport Street,18:15,5:58,30,13524,73953
_fsudlowmm,3198055873,2024-07-02,288-38-7162,VECINOS,806 Florence Parkway,5:06,14:21,13,27641,76706
_yspadeck91,2019183145,2025-01-13,170-20-6150,HOTEL,342 Mifflin Trail,16:20,13:50,9,10690,38950
_emeigh26,8539530376,2023-03-24,688-67-8845,P_NATURAL,622 Talmadge Place,22:00,21:34,8,21784,41406
_klakindi,9700023613,2020-08-21,300-95-1194,HOTEL,2 Truax Park,15:47,7:38,19,29343,21959
_cflament9b,3190206740,2021-06-25,463-30-6830,VECINOS,62949 Debs Court,18:35,17:24,15,30402,22904
_mebbs7z,4964870286,2021-01-01,899-75-1059,HOSTAL,59229 Logan Trail,1:08,19:41,4,87180,12250
_ajindracek1i,2172137219,2020-07-15,668-89-3231,HOSTAL,859 Ryan Street,0:19,8:01,9,99234,63183
_cmcgrearyim,0782709656,2021-12-05,174-64-6532,HOSTAL,96673 Logan Terrace,3:37,15:54,13,73122,4713
_pcook9k,6832378262,2019-07-03,145-28-1364,HOTEL,1 Bayside Terrace,17:04,12:53,25,23485,36451
_govettkj,0659320126,2025-03-18,306-17-8046,HOTEL,2955 Independence Pass,4:29,5:19,7,25127,82724
_hcunniamdz,6942788392,2024-03-05,608-91-6549,APARTAMENTO,86581 Dryden Road,10:18,23:15,22,30226,96548
_cabramowitchlk,8395559569,2020-12-10,570-77-8624,HOSTAL,36705 Fieldstone Hill,23:09,5:42,6,98334,78462
_pchandergm,7391646067,2021-10-30,882-40-3557,HOSTAL,2 Corben Parkway,21:48,14:15,15,79354,55897
_afancyat,4083304839,2020-08-16,888-27-4765,HOSTAL,966 Forest Run Drive,4:26,3:02,14,87586,4676
_mburchdr,5243031739,2023-05-20,869-31-5870,APARTAMENTO,16029 Basil Court,23:23,1:02,29,12268,34590
_sdingle9s,7873504913,2023-06-28,229-13-7531,VIVIENDA_U,6440 Westend Trail,8:38,21:46,12,48863,47830
_pkeaveneyms,4206807329,2023-08-26,576-43-3186,VIVIENDA_U,28 Scott Pass,13:36,9:21,11,38877,56340
_rhacquardid,6354632634,2020-08-04,274-12-5220,APARTAMENTO,014 6th Crossing,8:25,17:59,29,11101,67583
_ccondonqq,1917925069,2025-04-07,305-95-7363,VECINOS,29 Novick Terrace,20:03,8:29,23,40013,72480
_eseckom44,9331395574,2020-09-09,175-87-8087,VIVIENDA_U,3453 West Road,6:34,9:05,5,30811,6378
_fkirag6,1176661035,2022-06-06,320-60-3848,HOTEL,65 Delladonna Circle,17:14,12:11,28,75111,75387
_astofflerq7,2144757208,2019-10-31,539-21-5649,VIVIENDA_U,74 Becker Avenue,8:35,10:43,12,49884,97304
_ialenshev55,2362109836,2021-08-10,614-67-7219,HOSTAL,38 Del Sol Parkway,17:45,4:17,2,77332,29381
_crasch6a,0138814899,2023-11-02,735-02-1580,P_NATURAL,1 Summer Ridge Park,8:24,6:55,7,43333,23490
_glindmanh1,7991165795,2019-06-24,194-06-4539,VECINOS,24 Logan Street,13:03,16:13,16,2614,70658
_vewbanchecl,7386987137,2025-05-01,171-08-0011,VIVIENDA_U,9 Holmberg Crossing,23:17,15:12,22,1102,34646
_spershouse4y,0877697035,2019-11-30,805-78-7626,HOTEL,160 Lillian Trail,6:28,0:36,20,23326,97583
_jatwelc7,0347519881,2021-10-27,443-45-4122,VECINOS,52858 Jenna Plaza,14:38,7:08,18,40415,69272
_mocarrolmd,0065037383,2023-03-12,121-33-2700,APARTAMENTO,186 Milwaukee Parkway,19:57,2:30,16,35118,37031
_rdumbarfm,3310943690,2025-03-26,501-67-4339,VIVIENDA_U,39608 Mcbride Terrace,12:11,3:46,2,97238,33940
_swintringhambz,8146188826,2025-03-01,281-02-0230,VIVIENDA_U,181 Glendale Terrace,6:29,12:56,14,33860,68839
_tmatussevichq0,4373365571,2022-08-14,284-09-1536,APARTAMENTO,4 Division Drive,5:03,0:58,13,55474,65325
_eanstisie,3649194546,2025-02-12,131-90-2835,P_NATURAL,69 Eastlawn Parkway,21:00,19:58,25,80541,29145
_tnightingalegp,0738324655,2019-08-14,510-91-5228,APARTAMENTO,2068 Hallows Street,8:52,15:58,22,2054,39373
_ftomensonlp,8783460861,2021-01-21,348-53-2988,VIVIENDA_U,192 Thompson Plaza,11:05,7:50,5,43440,66134
_pedwinsonob,8222569147,2024-08-18,652-33-9588,APARTAMENTO,2 Sunbrook Parkway,22:01,23:41,11,69824,92894
_melveya,8878665983,2024-06-04,642-56-1603,VECINOS,915 Ridge Oak Terrace,23:46,6:58,21,78221,77150
_jnutt4k,3868784810,2023-09-13,390-22-0011,APARTAMENTO,4 Lerdahl Drive,7:36,20:43,20,59583,52386
_rlongriggfo,8590431215,2019-08-12,608-12-8160,HOSTAL,388 Lunder Avenue,1:29,6:05,15,67270,22621
_wteresiqs,7424926292,2022-06-20,498-99-9640,HOTEL,9 Tennyson Circle,11:55,6:28,26,59213,40615
_apeegremgh,1524674613,2020-08-08,486-43-7842,HOTEL,4 Rowland Plaza,15:08,23:36,6,88,30506
_cwraxall80,8950581191,2019-12-23,746-41-1902,APARTAMENTO,10638 Oriole Court,13:06,17:53,26,77286,32822
_kcollumbell2r,7114816650,2020-12-24,786-22-3809,VECINOS,07255 Waywood Trail,21:00,2:43,9,92979,11440
_bcassarp6,9911619249,2024-05-13,394-78-7130,VECINOS,5746 Porter Street,13:03,2:32,14,70262,35299
_dbatramlf,9793511575,2019-12-20,653-96-3694,APARTAMENTO,5778 Grasskamp Way,19:36,12:52,12,48087,97438
_avanyakin6g,2554252351,2022-11-30,320-55-8748,P_NATURAL,70623 Westport Hill,22:55,23:53,12,98954,74167
_chumesek,4774082627,2022-09-10,272-61-5921,HOSTAL,7 Morning Road,5:48,20:25,13,11703,58649
_mgoodbarneg,3481916159,2023-06-08,558-52-8934,VIVIENDA_U,84 Old Gate Lane,6:40,22:02,2,68847,11748
_chopfnereh,4418322345,2024-03-28,490-90-1403,HOSTAL,1037 Stephen Alley,3:19,17:55,15,48618,74422
_ccotte53,7199851421,2021-08-18,543-74-0335,HOSTAL,9 Thierer Court,21:35,12:29,26,40535,25141
_mcostigan68,5111956506,2022-09-20,444-74-9261,VIVIENDA_U,53 Aberg Center,11:17,14:40,25,23011,12983
_lreeken83,1208443496,2021-04-09,439-14-2059,VECINOS,17687 Hanson Place,13:54,10:17,12,79851,92315
_bnatwickr9,7677487211,2021-07-21,602-15-8994,HOSTAL,849 Graceland Road,20:17,20:38,25,55423,67846
_sekej3,8003940524,2024-08-07,745-91-6885,APARTAMENTO,891 Calypso Lane,13:09,23:14,20,25037,94020
_mbaumlerok,3142428968,2025-04-29,551-21-5493,HOTEL,764 Sugar Street,10:57,8:40,24,38687,43200
_rscutchinfc,8611329767,2025-04-18,186-70-8637,P_NATURAL,95 Maryland Pass,13:17,4:02,7,41595,2457
_lsigginsel,2525359089,2023-06-20,422-40-8644,VIVIENDA_U,37346 Banding Crossing,1:17,6:02,5,28032,67835
_rshingler11,7008533225,2023-09-01,602-04-7057,P_NATURAL,4664 Chinook Alley,9:51,1:29,24,56140,16689
_agrintag,6072730795,2024-10-30,327-72-4857,HOTEL,8 Macpherson Place,19:33,7:08,7,20311,89772
_fomullenqh,0559589328,2022-08-11,210-55-8746,P_NATURAL,70 Petterle Trail,9:54,19:03,22,21544,64090
_tpfaffeih,8409134659,2022-07-27,706-93-2223,VIVIENDA_U,9509 3rd Plaza,22:20,8:25,19,19469,27331
_dmchenrymi,0521359961,2021-07-23,485-25-8614,HOSTAL,57808 School Alley,20:31,18:35,3,9251,41217
_bweighe5,7906764242,2024-08-25,283-35-2898,P_NATURAL,628 Straubel Parkway,11:41,14:50,27,38911,730
_ssandifer8s,7372980550,2024-04-24,655-84-1060,HOSTAL,4394 Mccormick Trail,11:26,18:51,4,46441,48863
_afussellre,3055217926,2022-03-30,654-66-1833,HOTEL,3266 Luster Crossing,16:57,19:26,11,86991,64505
_nslavin5r,0952207605,2023-08-23,247-60-9938,HOTEL,49964 Dorton Lane,11:25,3:49,23,22424,23706
_tbeckerlegmp,8279236120,2020-07-27,538-52-4185,HOSTAL,1093 Hudson Court,21:44,4:27,4,16480,96475
_qderby61,9034140598,2023-04-13,518-05-9823,HOSTAL,98 Briar Crest Terrace,4:10,10:09,18,32149,48161
_dfernc2,6414571938,2025-01-11,554-21-0859,APARTAMENTO,65260 Kedzie Trail,1:02,19:11,22,68425,9769
_rhammerbp,9076481741,2020-01-03,843-68-8065,P_NATURAL,3169 Utah Park,13:03,8:05,8,34104,55416
_awitteroo,7661359499,2022-12-07,466-51-5548,APARTAMENTO,3 Briar Crest Alley,12:29,6:21,6,76490,856
_znormanvillca,4974865587,2021-12-23,631-84-3916,HOTEL,52 Pond Circle,9:34,4:32,7,79586,96215
_cneedham7y,2701599180,2024-10-02,476-05-5800,P_NATURAL,59 Killdeer Hill,13:51,7:00,17,19991,5507
_jofford63,3523376351,2020-09-29,123-82-7402,P_NATURAL,4222 Tony Parkway,1:27,13:44,5,45075,6935
_hcraigg2t,6397808831,2022-08-30,532-05-4234,P_NATURAL,0472 Mosinee Road,23:37,8:34,2,73146,38581
_rtrangmarop,8066409141,2022-07-08,679-84-5559,VECINOS,36596 Lawn Park,3:32,13:21,25,2920,55617
_ebranchf6,2578031185,2022-12-14,808-22-4926,VIVIENDA_U,16118 Pepper Wood Avenue,14:39,20:13,20,62807,13875
_lgribbinsoc,6888564096,2024-12-07,534-40-8870,APARTAMENTO,1 Sunfield Road,15:17,2:55,19,85635,41443
_adevlin8n,4602333540,2019-06-25,488-94-9786,HOTEL,1357 Fremont Drive,1:27,22:23,12,88539,34693
_lpamplinpo,6727025762,2025-05-22,248-54-8543,APARTAMENTO,09 Bluejay Way,22:12,0:36,25,41954,63301
_gbampfordp9,0638387906,2025-04-16,797-06-9771,HOSTAL,9614 Anderson Way,15:15,23:37,21,40739,77384
_fbrennen1o,6790175474,2021-11-05,513-24-5289,HOTEL,69 Clemons Drive,8:29,9:26,21,25962,9537
_gsign39,9005755148,2024-02-09,166-80-2268,P_NATURAL,328 Brown Parkway,1:29,18:57,21,85923,17337
_alockerhq,0895426730,2022-02-09,617-05-9832,HOTEL,60 Oxford Street,21:15,5:36,2,33132,59750
_gmessumkp,4785527285,2024-07-29,654-86-7132,VIVIENDA_U,760 Veith Terrace,15:01,12:59,13,58834,29397
_ksaysei5,8234947087,2022-12-13,823-39-0324,VECINOS,09 Lindbergh Junction,10:49,9:25,20,45683,25404
_vhabert4b,7516914126,2024-01-09,724-76-5465,HOTEL,3381 Village Green Place,18:40,13:13,21,98000,97825
_eeasby3k,3390090215,2019-10-19,347-29-8309,HOTEL,342 Canary Place,12:57,19:00,3,55925,83305
_hhutleyg0,9703909116,2023-06-02,238-71-3863,VECINOS,73 Messerschmidt Street,21:43,14:12,15,80051,49019
_schaperlingia,1354877926,2021-11-04,578-64-4145,VIVIENDA_U,0031 Fulton Pass,2:19,9:44,5,63360,3128
_hgerckenspk,9288519033,2020-08-12,863-13-6732,VECINOS,234 Harper Avenue,3:56,17:43,19,97270,91741
_pmatthewmanqz,5949915291,2020-01-22,528-96-7788,VIVIENDA_U,029 Di Loreto Circle,5:54,14:26,22,47396,9480
_tfolkesrh,1881906337,2024-08-04,295-87-7824,HOTEL,649 Farragut Circle,9:56,0:06,27,63092,88799
_vewbanchecl,4834315940,2022-12-23,670-23-8860,VECINOS,5 Randy Plaza,16:10,22:29,21,23649,78471
_jcopperh2,3906596559,2022-07-25,257-11-8897,VIVIENDA_U,110 Fremont Lane,2:32,19:19,17,74628,42575
_tnightingalegp,5837671617,2019-10-02,452-29-4542,VIVIENDA_U,11029 Bowman Court,12:46,16:55,3,23210,29650
_bpawseymc,1872040357,2023-04-11,678-01-8439,HOTEL,47 Fieldstone Trail,14:05,6:28,22,72145,679
_idesforgesox,7890687567,2022-03-28,569-26-2294,VECINOS,45079 Mifflin Avenue,18:12,23:15,13,46614,69838
_fpletne,0828010331,2022-12-26,831-15-0017,VIVIENDA_U,49211 Division Circle,20:50,14:47,9,72262,48312
_drosekn,1382998023,2022-10-28,256-97-3052,HOTEL,0 Garrison Drive,13:21,16:08,16,93528,37509
_tnightingalegp,5370984891,2025-03-16,806-50-0909,VIVIENDA_U,508 Colorado Circle,8:43,18:57,3,81394,39864
_cdanielot94,4937922831,2019-12-23,193-76-6519,VIVIENDA_U,41906 Westridge Court,2:01,8:31,11,62252,35241
_dchampnessb7,3571437748,2020-05-09,196-13-1273,APARTAMENTO,925 Riverside Plaza,7:34,10:54,25,89032,64921
_mbussel7g,5472621607,2020-05-06,477-14-2632,VIVIENDA_U,4175 Oak Center,10:05,10:39,1,45798,34129
_channis62,9397219960,2022-06-13,210-84-5727,VECINOS,0 Drewry Parkway,23:43,23:00,20,65068,22011
_rbargecp,2689431378,2022-06-15,755-66-3789,HOSTAL,8 Onsgard Avenue,8:32,5:31,15,68237,15302
_govettkj,5478105155,2022-02-10,776-97-0676,P_NATURAL,7203 Moulton Center,6:30,16:48,21,70416,24597
_lturn7x,5684191460,2021-08-17,880-70-5175,P_NATURAL,648 Dawn Drive,18:43,4:58,18,16994,57620
_bpawseymc,0926141937,2022-03-10,406-10-3885,VIVIENDA_U,1 Manley Crossing,10:31,16:47,25,46860,1765
_jnutt4k,7822840649,2023-03-15,785-46-9807,APARTAMENTO,35177 Eagle Crest Avenue,17:22,7:50,19,14722,21857
_djersoni4,3700442718,2020-12-10,294-14-6878,HOTEL,19538 Anderson Parkway,5:34,22:25,6,46523,67589
_mcoorington7n,4833084929,2024-10-11,767-85-0601,HOSTAL,6992 Lotheville Way,5:40,5:57,29,19416,36241
_mradnedge4n,8282775150,2025-02-27,151-13-3228,APARTAMENTO,2969 Merchant Plaza,15:34,6:38,11,52086,22233
_rbargecp,5044522627,2020-10-16,408-68-4339,VECINOS,7116 Saint Paul Trail,0:00,13:57,4,34424,38520
_kpyek7,0171827686,2025-02-24,197-27-3772,VECINOS,000 Bunting Avenue,9:04,16:03,22,21510,75303
_aalthorp89,7329438723,2020-07-24,619-89-1156,VECINOS,49141 Pine View Circle,7:12,22:29,17,42315,73115
_hhatterslay1h,7173322146,2020-01-23,296-79-5341,HOTEL,608 Holy Cross Park,15:07,1:15,11,48375,97126
_rlaloriz,5229099968,2019-07-21,361-43-0603,HOTEL,5502 Marcy Pass,21:59,0:05,24,2363,32661
_cjarrard5v,1222449900,2022-07-11,317-29-0404,VIVIENDA_U,0566 Summerview Road,17:46,12:36,18,17486,94739
_jtimoneyqb,0843832649,2019-09-09,733-65-0394,HOTEL,11 Starling Circle,22:07,19:48,5,52363,84124
_nlanderscr,7815533191,2019-10-16,808-43-0077,HOSTAL,05 Surrey Way,0:39,11:08,4,45183,14381
_llenormandpy,0597235791,2025-03-29,392-65-2901,VECINOS,09 Almo Plaza,20:49,5:32,18,63477,2393
_mbaumlerok,3003665928,2021-03-10,686-26-8094,HOTEL,10547 Lakewood Gardens Way,4:22,4:24,6,82350,95031
_kellisonp5,9527015502,2022-06-16,761-45-1654,HOTEL,7226 Schmedeman Road,3:05,5:25,9,24763,97641
_zvasyutochkinmz,1554340659,2020-12-17,537-86-6446,P_NATURAL,81 Parkside Avenue,15:51,5:13,9,3422,50422
_bgaskom,4745987293,2024-06-21,521-56-9624,VIVIENDA_U,773 Mockingbird Road,8:59,17:53,18,13613,65212
_wshellard47,6052100591,2024-06-20,270-33-3707,APARTAMENTO,3325 Forest Hill,9:00,0:25,10,67861,53296
_geltoneho,7753768050,2023-03-06,474-23-5281,VECINOS,41 Boyd Plaza,0:07,4:23,21,28480,88492
_abreed3e,8945597395,2023-01-11,331-28-8430,VIVIENDA_U,5 Karstens Trail,20:40,20:04,8,28069,62958
_rhaslehurst4l,4546231636,2021-05-30,320-42-5086,HOSTAL,6 Nova Center,8:38,8:08,8,44655,12256
_egelardiko,4557113273,2020-11-09,491-78-7547,APARTAMENTO,6396 Declaration Terrace,3:35,7:04,2,25539,44480
_bcassarp6,4570039073,2024-08-25,185-60-9396,VIVIENDA_U,97423 Graedel Hill,18:25,10:24,16,27220,28267
_lfettesn3,7106694061,2024-03-14,236-10-0164,P_NATURAL,42 Holmberg Place,18:30,5:58,24,38285,23620
_ghelstromff,3623360058,2022-05-03,394-54-8654,HOSTAL,6 Sauthoff Court,23:23,15:36,8,98889,93513
_rgillamgc,9233182142,2022-03-04,641-12-6264,VIVIENDA_U,5 Park Meadow Park,18:31,8:03,16,99495,79188
_vcoverleyj,3772025501,2023-10-01,254-04-5985,P_NATURAL,3806 Granby Street,14:30,21:55,20,21018,51276
_jlearmonthp,9538459490,2021-05-28,884-38-0385,VIVIENDA_U,93925 Alpine Pass,0:43,22:28,30,58237,99590
_rbortolazziot,6700503043,2024-02-19,588-69-2545,P_NATURAL,2 Rockefeller Point,0:09,18:37,26,80704,13665
_dchampnessb7,7124245702,2022-02-14,280-85-0118,HOSTAL,107 Erie Trail,12:59,20:22,26,94532,21615
_kwinckles7q,3026953288,2023-04-03,652-70-6760,HOTEL,719 Anniversary Parkway,7:23,22:52,12,59750,25078
_sknevetla,3163336108,2021-06-21,179-79-2589,P_NATURAL,3092 Forest Avenue,16:35,13:35,3,22460,75435
_lreeken83,2677673118,2024-01-12,736-10-8601,VECINOS,4 Judy Lane,2:20,9:38,17,27737,23487
_lgribbinsoc,5420762773,2021-01-07,362-16-8855,VECINOS,55726 Carey Road,16:29,23:26,7,69928,13871
_bcassarp6,4700409452,2020-11-20,530-43-8738,P_NATURAL,3183 Oneill Lane,6:59,0:41,14,81799,85017
_tmccaughen2a,5625125619,2025-02-08,106-60-1559,P_NATURAL,83 Fisk Place,5:48,3:09,7,66703,19112
_imattiazzo51,5416647302,2020-10-19,229-17-2948,HOSTAL,32375 Dovetail Way,16:46,12:54,26,66814,450
_ldonetfp,7150733832,2022-01-22,381-14-2039,VIVIENDA_U,5980 Moulton Drive,12:18,0:29,1,49497,18329
_dchampnessb7,6787209487,2021-11-22,661-72-4046,P_NATURAL,2901 Golf Course Court,0:46,17:57,17,41074,62684
_pskitt7j,1967179131,2023-12-27,223-51-6903,VIVIENDA_U,65 Westend Court,4:16,13:41,26,29765,26030
_sknevetla,1650161514,2021-12-31,423-92-8579,P_NATURAL,31259 Dorton Place,23:10,18:21,11,11850,32441
_cmazzilliq8,8082955791,2021-05-19,305-87-7527,HOSTAL,4219 Arrowood Park,3:12,3:56,27,45761,83170
_iwixeydb,4412440702,2024-01-06,375-14-2061,P_NATURAL,0631 Petterle Plaza,20:27,19:39,28,25325,76124
_sknevetla,9529431600,2024-01-11,762-64-8131,VIVIENDA_U,905 Iowa Point,7:26,11:12,4,14899,76426
_mgurradojw,4333070295,2020-04-17,619-49-1896,HOSTAL,95670 Cascade Hill,12:34,2:57,23,92734,70867
_msutheringtonqu,1536828351,2020-12-17,775-87-0877,P_NATURAL,114 Gateway Parkway,0:51,20:27,18,93217,2747
_gausth7,2139765257,2021-02-11,717-75-2089,P_NATURAL,57 Huxley Pass,3:43,5:40,12,60123,88197
_rmeeke20,8866567507,2022-01-26,550-06-3001,VIVIENDA_U,9 Sunnyside Park,10:18,3:23,17,40967,7522
_fkirag6,0231219717,2023-10-22,119-79-2808,APARTAMENTO,35481 Mccormick Parkway,14:57,0:19,14,88836,98706
_ecarlosdv,5034520028,2024-11-04,330-62-1825,VECINOS,9 Anthes Circle,13:12,2:56,14,22912,25042
_dstrivens7u,4396111266,2019-07-22,769-63-6825,HOTEL,29 Shopko Avenue,6:27,21:34,28,32226,41752
_nrigglesfordm1,2860913610,2021-09-16,273-28-7400,P_NATURAL,452 Lukken Point,3:27,0:08,3,72815,36686
_hpetrashov73,3520959445,2023-01-11,268-09-3397,APARTAMENTO,364 Macpherson Way,18:59,23:06,27,58403,68195
_asuttie7m,6797790514,2022-07-09,681-99-3658,P_NATURAL,845 Knutson Junction,22:03,19:23,23,19371,55090
_abote30,1960456040,2021-12-11,487-52-8938,VECINOS,03 Cardinal Avenue,19:21,7:18,7,61833,92946
_esaxby99,3264187159,2022-09-21,395-54-9231,VECINOS,70 Muir Center,4:50,3:08,18,306,42526
_ksaysei5,2379598436,2023-08-30,541-43-2588,APARTAMENTO,18 American Point,21:07,2:23,16,10888,42597
_lhearnes8r,3049361271,2019-12-29,172-12-0467,P_NATURAL,52 Calypso Alley,22:28,3:55,17,85924,71104
_slabesak,6019698394,2021-06-11,101-36-6251,HOSTAL,50 Troy Place,22:08,0:49,6,32149,59684
_drohlf82,8803119388,2021-06-27,415-34-7063,VIVIENDA_U,985 Hovde Pass,7:48,14:37,12,66508,41624
_trillstone4m,4890190953,2024-09-10,400-64-5257,APARTAMENTO,07 Arapahoe Terrace,15:13,23:52,13,39575,4907
_cbresman2p,8039696763,2020-02-04,758-54-3029,HOSTAL,85365 Dayton Parkway,19:55,3:40,14,71384,22402
_bclail6d,8830992593,2024-06-26,222-98-6983,VIVIENDA_U,265 Declaration Terrace,4:17,19:02,17,69391,32046
_rwheatleyg4,1861514581,2024-07-18,540-31-0068,VIVIENDA_U,24 Fallview Junction,10:17,9:19,5,99470,98883
_eeasby3k,7255568106,2020-11-30,886-98-2958,P_NATURAL,6 Monument Center,10:34,18:17,10,95277,69874
_pabthorpeb0,2442589397,2021-11-07,520-13-4629,VIVIENDA_U,65 Nevada Junction,12:46,18:57,9,75434,52474
_rrowantreeol,0009644482,2021-09-12,432-76-7636,P_NATURAL,63 Surrey Parkway,23:35,9:33,9,1649,65784
_lfaintd4,2687071277,2023-06-12,215-14-4700,APARTAMENTO,14276 Shelley Point,20:51,5:37,26,76222,43639
_kwilmanm7,6850828002,2022-02-08,266-29-6400,P_NATURAL,69 Cascade Street,11:25,5:04,10,99048,47015
_gacresm8,5766780508,2020-08-30,586-92-0523,HOTEL,6 Hovde Plaza,20:52,18:39,21,73613,20200
_dgiacopeloiu,1075187648,2024-10-27,625-88-4018,VECINOS,1 Schmedeman Court,2:14,5:15,15,88088,13617
_rlorincz7w,5274880479,2023-02-04,856-45-2670,HOSTAL,9 6th Place,7:57,16:11,11,92929,46124
_dgrumbleef,4464964567,2025-03-12,332-30-7543,VIVIENDA_U,40277 Village Green Parkway,18:06,15:30,14,69169,49499
_ajakovijevicmg,5494638375,2021-09-24,289-83-1959,HOTEL,9094 6th Junction,15:00,7:05,29,3854,66706
_cnormadell2f,3454637597,2023-10-21,659-97-2136,HOSTAL,622 Laurel Junction,14:17,11:04,9,50031,33016
_tdonnisonq4,8320885140,2023-10-15,723-76-2683,VIVIENDA_U,92624 Burrows Terrace,12:28,21:16,14,1856,41279
_mtironk4,5663301607,2023-08-29,135-21-2540,APARTAMENTO,6456 Darwin Parkway,9:01,0:50,1,94644,82929
_lcalderogx,8892503081,2024-12-27,481-33-3751,P_NATURAL,47 Rusk Road,12:28,1:39,1,36153,50692
_gsign39,1275606172,2024-06-06,229-48-8753,HOTEL,9 Nobel Court,13:11,6:57,18,11740,67952
_ncamockmt,9916162735,2021-05-28,711-62-5958,P_NATURAL,83539 Old Shore Junction,0:28,2:00,29,98569,70688
_rknappette8,0581182138,2019-06-01,101-24-9368,HOTEL,65526 Nova Street,2:53,1:26,19,10766,27139
_apogue5w,0305705792,2023-12-03,802-82-6348,VIVIENDA_U,5 Sundown Court,1:40,3:45,28,53619,68795
_gbernhart8m,5096137546,2025-02-06,181-98-4759,P_NATURAL,6227 Schiller Court,17:23,7:05,12,12718,56805
_tfolkesrh,7375678073,2021-12-10,478-87-9702,VECINOS,80910 5th Park,19:24,8:38,25,71752,5943
_jgorstlj,5807606175,2022-02-08,367-40-2398,APARTAMENTO,4 Starling Drive,2:33,12:51,15,35616,16116
_abowtonjh,4506422287,2024-06-30,637-41-9745,HOTEL,39601 Hoard Avenue,14:34,0:29,11,38876,27688
_pellgoodkm,7751379979,2021-04-22,623-86-8911,HOSTAL,49269 Susan Lane,18:04,18:55,16,18999,97721
_mbramahfs,9761126307,2021-03-05,712-86-7170,HOTEL,67 Miller Lane,19:01,9:32,16,42183,66982
_bcollibearit,9957577875,2022-03-15,164-79-0490,VIVIENDA_U,7875 Drewry Parkway,11:07,5:47,20,54800,56383
_ccatonnetf7,1830447459,2020-03-28,422-79-4642,VIVIENDA_U,23 South Pass,23:02,16:10,15,62171,928
_akinningley13,1152342746,2020-10-13,544-34-1038,VIVIENDA_U,5 Lakewood Parkway,16:27,8:19,9,46113,48984
_mradnedge4n,0879652160,2021-01-10,502-63-1186,VECINOS,789 Kings Point,1:54,0:04,7,6334,66671
_mwright2e,4606291265,2022-08-25,857-44-8505,VIVIENDA_U,9162 Spohn Way,8:28,10:41,1,42970,80568
_vnorster56,9957732374,2020-03-03,462-73-5678,VIVIENDA_U,093 Hollow Ridge Lane,15:56,3:31,2,11339,74860
_lgribbinsoc,9109140271,2019-09-30,777-82-2959,APARTAMENTO,2 Maple Plaza,11:58,3:31,28,58479,6557
_kdessanteu,7364011390,2019-10-18,362-13-6786,VIVIENDA_U,1 Gateway Alley,20:23,9:37,15,25242,6480
_eseckom44,7473861786,2020-04-21,187-52-0567,VECINOS,201 Reindahl Hill,4:01,0:49,4,8763,19313
_smapholmov,2294473604,2025-03-25,850-42-8603,VECINOS,05602 Toban Circle,22:42,11:59,16,35327,19915
_asuttie7m,6092832496,2020-06-30,510-65-5933,VECINOS,13 Steensland Plaza,4:56,20:20,16,28488,81387
_cmaccarranec1,9518191433,2021-12-10,291-86-2818,APARTAMENTO,11152 Prairieview Circle,18:57,22:16,15,1288,33271
_bblamiree9,5072728617,2021-06-24,183-39-4333,VECINOS,998 Talmadge Lane,14:04,3:17,15,33973,78836
_csheersd5,4581153832,2022-04-26,390-20-1370,VECINOS,3295 Butterfield Point,0:00,13:52,28,76483,58857
_fremnantkt,8667220167,2022-04-21,355-20-3072,VECINOS,9 Lake View Drive,5:56,8:28,27,39012,64572
_mgutmanar,3544750473,2023-01-27,595-27-2081,HOSTAL,091 Bartelt Parkway,22:03,1:12,10,40533,5297
_ydarbonpm,8526999893,2019-08-08,322-48-8906,HOSTAL,4 Mendota Junction,12:38,0:39,16,32810,47858
_olemarieea,4597941592,2021-02-05,822-32-6419,VECINOS,78 Ruskin Trail,15:41,23:04,12,83147,92496
_cdwightgi,2854392051,2021-03-18,764-89-6012,HOTEL,0361 Maple Drive,4:07,11:31,8,70904,27538
_mtambling1k,0716807378,2025-01-09,417-40-7207,VECINOS,18935 Thompson Circle,15:06,3:13,13,53321,86578
_nhaddonb2,2090917733,2023-07-05,820-59-5287,HOSTAL,756 Old Gate Court,1:49,23:42,20,81698,70002
_hburtwistlerq,5095936925,2024-09-06,222-69-5440,P_NATURAL,6749 Thompson Place,19:12,17:56,20,88916,82489
_llenormandpy,4464830978,2021-11-12,865-81-6199,HOTEL,39 Lyons Way,4:48,4:15,7,83286,56502
_wverneyee,3002824461,2021-08-30,860-71-5210,P_NATURAL,1492 Bluestem Point,21:31,20:17,12,24672,58010
_mgurradojw,1821622383,2020-11-30,121-64-5109,HOTEL,6 Rutledge Lane,15:06,15:39,20,62403,6178
_alardierh3,2010617819,2024-08-31,885-36-8234,APARTAMENTO,13229 South Drive,22:36,14:56,7,30725,98923
_emoncaster9q,0524003750,2024-05-11,375-73-5365,VIVIENDA_U,0649 Swallow Alley,5:53,0:53,15,67836,70194
_bpankso2,8504175049,2021-01-02,138-76-9905,VECINOS,975 Bunting Park,7:28,9:34,25,55541,19272
_bbayleyjm,2057673871,2024-03-01,510-39-7635,APARTAMENTO,9676 Dexter Avenue,16:30,22:15,28,59613,98047
_etsarovichr,5147505989,2020-01-21,462-36-4139,HOTEL,8 Walton Plaza,0:03,2:55,17,57099,74008
_rlongriggfo,4726166271,2024-02-18,807-13-2803,HOSTAL,1 Arrowood Terrace,14:41,8:16,12,408,28229
_sknevetla,2444142292,2024-04-24,613-33-6786,APARTAMENTO,1 Main Parkway,6:28,4:50,12,87877,3450
_amcravey4w,2746997037,2020-04-24,487-94-6305,HOSTAL,7487 Roth Center,8:46,12:31,24,52484,1120
_pfetteplaceh0,5708162155,2022-02-20,849-60-7276,VIVIENDA_U,0 Clarendon Hill,15:27,6:57,3,88599,3526
_bcollibearit,1122797877,2024-04-27,229-92-8065,VECINOS,6 Crescent Oaks Junction,14:53,6:33,19,12505,21324
_bfloydlz,1775386805,2021-11-20,606-57-8673,APARTAMENTO,2 Prentice Court,11:55,2:36,14,25154,12045
_jcordellefv,4866842210,2024-06-23,111-11-4392,P_NATURAL,200 Pond Way,8:37,16:37,30,97052,29743
_chopfnereh,4058152222,2021-07-19,326-98-6193,HOSTAL,5 Lighthouse Bay Street,1:10,10:19,16,3185,45202
_ghinze8p,9564171326,2019-11-02,140-42-8003,P_NATURAL,2360 Westridge Park,7:21,20:25,4,8623,93975
_hfell8w,6951034699,2019-06-30,102-57-6106,VECINOS,1 Eggendart Point,13:34,15:35,16,60942,60824
_bsteward7v,2268666654,2021-08-31,451-94-1193,APARTAMENTO,7 Lillian Alley,7:10,21:14,18,29630,53058
_tvines5u,0368060829,2023-08-15,727-32-4612,P_NATURAL,0583 Luster Way,12:57,23:02,21,5842,9127
_candren7k,3340921334,2024-12-12,327-61-0375,APARTAMENTO,11242 Stone Corner Drive,12:25,0:52,8,41787,2647
_wcockaymekr,2053964065,2019-10-22,752-93-4820,APARTAMENTO,79 Cherokee Park,13:59,12:40,21,87335,13311
_ebranchf6,5277308601,2020-12-01,707-80-1816,VECINOS,1286 Dahle Place,9:55,21:45,5,23034,52323
_tslacke,3874527905,2021-11-09,301-84-9532,P_NATURAL,5882 Killdeer Plaza,3:59,17:48,2,69980,6523
_solivoch,7547791344,2022-08-27,127-17-4971,APARTAMENTO,59 Barby Center,22:56,15:57,23,35119,93600
_kgodbehereqp,9939364814,2020-02-14,194-76-7762,P_NATURAL,9961 Russell Road,6:40,22:22,5,48079,23395
_ihanbridgeks,1770262202,2025-04-29,458-41-6849,HOTEL,3 Waywood Plaza,5:24,8:16,21,58516,11274
_mebbs7z,3763839119,2022-03-30,738-58-3162,HOTEL,39 Ramsey Plaza,11:37,1:05,1,60032,34718
_tbunchg5,5909345478,2023-03-29,413-52-7506,HOTEL,5325 Rieder Pass,19:04,0:55,19,71130,83020
_sramshawo6,9561142546,2023-07-18,495-80-0383,HOSTAL,8 Donald Road,21:17,19:34,15,74584,39069
_nslavin5r,5015330103,2021-10-07,795-37-0811,HOSTAL,44 Arapahoe Alley,15:22,4:50,23,43093,44463
_rfentyfl,3892453098,2022-12-09,620-84-8798,VECINOS,5256 Crownhardt Junction,19:00,10:12,24,90584,33729
_emeigh26,6247388470,2022-07-30,369-12-6380,P_NATURAL,3890 Dovetail Hill,6:09,5:14,22,54335,90297
_adevlin8n,1538613700,2023-06-25,867-41-0471,P_NATURAL,433 Tennessee Alley,11:51,13:16,21,24420,43908
_creedmangu,3735771858,2023-02-13,562-91-1703,HOTEL,4 Morning Junction,15:13,15:28,10,87049,86043
_ashilitorp,1653410019,2023-07-31,785-49-0551,P_NATURAL,548 Shopko Terrace,2:22,10:56,16,4162,70596
_cbresman2p,3878255462,2019-09-05,682-68-5957,VIVIENDA_U,15 Ryan Street,17:55,13:52,27,66361,40116
_jsyplusfz,9537192334,2024-12-08,271-33-8457,HOTEL,9108 Graedel Alley,23:50,2:23,3,32258,75943
_rscutchinfc,0132993864,2021-07-08,780-67-7611,HOSTAL,570 Kennedy Park,1:47,18:24,24,66725,23476
_dkelwickqr,3509884884,2019-07-18,711-16-0973,HOTEL,288 Leroy Trail,11:36,15:45,21,84120,28942
_epelzl9,5360993324,2023-06-03,555-17-7227,HOSTAL,53661 Onsgard Road,12:34,13:04,15,63486,51436
_jdalgardnof3,6143252556,2019-11-29,482-02-9088,VIVIENDA_U,60751 Lukken Crossing,13:49,6:51,19,64895,92660
_bsteward7v,6597733916,2023-06-07,853-05-2770,VECINOS,0767 Gulseth Pass,19:53,7:53,2,99059,24521
_nmcentegarthg,8839992081,2022-01-10,299-33-7519,HOTEL,793 Susan Road,4:59,12:06,9,69393,31109
_lathridgejf,1090288832,2021-03-10,214-99-2033,HOSTAL,918 Spenser Court,17:41,23:39,19,26862,94712
_gardlingb9,3461129291,2025-05-06,262-79-5829,HOSTAL,4672 Carpenter Street,22:23,4:03,20,87844,92741
_acussonsrm,6781975129,2021-04-11,371-88-7029,VIVIENDA_U,0 Eggendart Place,21:36,12:14,27,2690,72415
_tgrinikhin8b,2319353283,2025-01-26,782-99-4047,VECINOS,9668 Badeau Way,19:08,15:20,16,58506,75798
_jgraysmarklc,1016020325,2023-08-13,368-61-2943,HOTEL,4 Red Cloud Avenue,15:09,2:20,29,92291,53073
_csheersd5,6855305040,2019-08-14,863-22-6900,HOSTAL,818 Birchwood Way,4:44,4:06,13,10251,89899
_rwheatleyg4,3020257174,2023-07-28,460-92-7247,VECINOS,0 Meadow Valley Hill,10:40,20:02,28,56158,53325
_glocockpa,6882910154,2020-12-04,642-34-1494,P_NATURAL,33323 Eggendart Plaza,8:41,15:06,10,77107,53247
_bcassarp6,1738529436,2021-08-28,153-75-8781,APARTAMENTO,288 Ludington Park,6:37,22:20,14,38094,95025
_cdwightgi,8699447817,2022-01-02,464-21-0241,APARTAMENTO,88 Fisk Road,9:11,3:42,22,70071,30382
_lbearblock3z,5045734237,2020-01-16,771-37-9070,VECINOS,9875 Blaine Drive,16:13,11:55,14,35630,20704
_agritland4c,2938483139,2023-01-24,575-38-5684,HOSTAL,807 Meadow Valley Parkway,13:18,22:33,3,23982,75090
_csimonin6b,0397807201,2021-02-18,120-91-4684,P_NATURAL,6515 Starling Court,21:39,1:37,4,82414,63879
_hnellepj,4852322171,2022-09-29,743-23-5871,P_NATURAL,07199 Ilene Hill,8:09,16:02,1,46852,30642
_mcutbirth8e,3468759754,2023-09-01,566-75-7140,P_NATURAL,63 Kingsford Center,12:04,17:35,11,34174,78891
_tmccaughen2a,4378572087,2024-06-14,269-53-3116,HOSTAL,14806 Wayridge Park,20:20,22:44,19,20849,34261
_ohalsteadb1,6704454136,2021-09-11,239-96-3510,VECINOS,5285 Dixon Park,15:02,8:16,4,14368,98646
_vcoleyjj,9757423726,2022-04-27,866-08-5485,P_NATURAL,260 Warner Place,8:46,21:14,12,92233,47593
_uterrettkv,0519758870,2020-07-19,283-74-7449,APARTAMENTO,18 Mifflin Place,12:32,19:50,12,89876,2633
_nhalwill17,5345919526,2022-11-22,526-06-4825,APARTAMENTO,83 Victoria Hill,22:27,8:22,26,73738,60504
_elovellnh,8902519317,2020-07-28,249-78-6241,HOTEL,619 Village Crossing,6:24,3:37,14,1116,1182
_geltoneho,2313246868,2021-05-29,587-35-4029,VECINOS,2981 Garrison Terrace,11:08,4:39,3,13823,48993
_dbeloedy,0176550542,2020-05-19,198-81-4050,HOTEL,56296 2nd Lane,21:28,5:52,9,5705,78296
_nbrameld23,7051360124,2019-06-30,167-39-5662,APARTAMENTO,380 Springview Lane,15:03,0:07,6,45285,14528
_acurseyll,7929547590,2025-04-08,478-21-8710,P_NATURAL,22 Magdeline Hill,3:12,9:23,5,61352,55012
_rfomichyov48,2422471595,2019-11-09,306-31-8722,P_NATURAL,4 Glendale Park,18:19,18:15,18,74584,40362
_whullincb,2794024140,2022-10-11,182-23-2177,VIVIENDA_U,5049 Norway Maple Court,17:29,6:08,19,39840,82740
_lickovich8,9235737575,2020-02-09,430-54-6301,VIVIENDA_U,553 American Ash Crossing,3:27,9:13,20,71542,50918
_bbruckpe,5742572549,2019-06-08,349-80-3637,HOTEL,2476 Cordelia Plaza,8:38,19:10,8,57294,55306
_sthomazinhd,1770282637,2021-07-17,128-16-5003,APARTAMENTO,0 Melvin Pass,11:46,23:36,10,27625,51263
_cbalmforthav,5276910839,2024-10-14,642-81-7575,VIVIENDA_U,5622 Lien Alley,13:50,19:59,12,79091,68334
_channis62,5506304331,2020-12-24,350-02-3886,VECINOS,5 Raven Place,12:04,17:01,24,73655,29205
_mfolke29,2261352883,2020-11-30,167-28-4583,HOTEL,3 Thackeray Plaza,9:14,17:23,24,96623,59389
_rdumbarfm,3514935491,2022-02-26,866-58-4958,VIVIENDA_U,58 Lighthouse Bay Court,11:48,6:41,1,29524,18740
_jtillmandm,4192507684,2019-09-20,195-83-7343,VIVIENDA_U,726 La Follette Trail,4:31,2:04,23,8960,90639
_cbalmforthav,5052004915,2024-12-15,350-33-7042,VECINOS,354 Bay Place,17:24,0:56,11,29617,58634
_eharbackey,8521375832,2019-12-09,346-61-5238,HOTEL,4 Crowley Street,11:45,7:56,2,15409,71762
_gbernhart8m,5152642824,2020-04-20,573-52-4948,APARTAMENTO,4565 Saint Paul Crossing,9:52,5:26,22,88998,13568
_hfundellpz,6201058532,2022-04-15,521-21-6437,VIVIENDA_U,3 Park Meadow Road,4:13,2:04,13,55982,25714
_arasenf,1064733182,2021-06-10,692-80-6458,HOTEL,431 Ohio Street,14:39,18:23,13,97589,98402
_dwignall5j,5231408913,2023-12-28,372-73-1066,HOTEL,474 Service Pass,14:52,10:23,20,4687,69507
_jmechan9f,7089603830,2022-06-07,439-43-1635,APARTAMENTO,2 Riverside Center,15:28,10:42,5,84188,55009
_bmacgraith46,4722342806,2024-12-08,834-95-9919,HOTEL,82 Fieldstone Circle,21:25,4:34,27,3151,99234
_rsawerkk,0868219851,2022-12-04,359-52-2465,HOTEL,8260 International Court,16:44,8:34,27,78773,92798
_ssultanaiw,9604753096,2020-11-02,448-75-1125,HOSTAL,55 Thompson Junction,6:01,13:33,5,20663,96936
_ssultanaiw,1632466198,2021-09-04,486-01-1067,HOTEL,18862 Summer Ridge Parkway,13:37,18:03,25,14879,40072
_gacresm8,9784362961,2023-04-10,837-57-4195,P_NATURAL,376 Dennis Terrace,12:47,11:21,13,23930,85285
_pcalltoneec,9635474008,2019-06-08,354-81-5697,HOTEL,38 West Trail,18:40,13:23,9,60334,9501
_ptomankiewiczlt,0351690379,2022-03-16,285-02-5658,P_NATURAL,94285 Weeping Birch Road,3:06,14:26,8,41862,41861
_cfilippozzi1f,4575269808,2023-05-27,431-36-1635,VECINOS,21230 Derek Court,0:49,11:25,9,5544,86016
_tbeckerlegmp,7797230897,2024-11-29,249-46-5764,VIVIENDA_U,770 Butterfield Park,3:34,12:42,10,95533,58289
_dcornillota1,3812941082,2022-08-06,368-18-3823,VIVIENDA_U,1 Jackson Trail,14:03,14:42,18,10641,52495
_fhinkensen9u,5646617448,2024-12-28,111-49-5666,VECINOS,0382 Texas Lane,23:34,3:17,3,9312,71869
_jwestnedge4v,3545734986,2021-11-01,830-87-4566,HOSTAL,2 Rowland Terrace,1:53,22:15,8,86388,52652
_mbrockettn7,3635112127,2019-12-14,527-80-6442,VECINOS,80 Eastwood Place,22:57,23:56,3,89221,58977
_dplevenk1,4940135004,2021-10-16,516-83-2094,APARTAMENTO,89 Summerview Drive,14:34,12:22,27,92967,98017
_hpiggottd8,6583899086,2024-05-09,697-52-2881,VECINOS,096 Upham Trail,19:12,14:02,21,35911,26481
_krussenpc,2999368879,2019-11-13,351-02-0344,VECINOS,557 Sommers Plaza,0:58,16:38,16,2780,78240
_nstener6j,8220908122,2024-11-07,613-93-7794,HOSTAL,87 Miller Place,7:28,3:16,29,3200,44777
_lchristouq5,7094345674,2025-04-23,251-77-3840,P_NATURAL,0994 Thackeray Lane,9:17,21:39,18,20883,16914
_rmacalesterg1,7954583279,2024-05-16,120-41-4127,VECINOS,23 Badeau Plaza,2:11,2:57,30,31179,79197
_bnatwickr9,9030128585,2024-12-21,300-97-6294,APARTAMENTO,81778 Independence Circle,5:50,5:07,18,68354,64411
_gfautley87,8757005761,2022-07-26,715-19-8540,VECINOS,5 Sunfield Crossing,20:50,22:11,5,13804,46795
_ecarlosdv,6308869457,2022-05-11,368-68-2019,APARTAMENTO,82 Sheridan Court,20:41,1:00,18,68855,38372
_mmerkleh6,7936666656,2019-07-22,429-79-5188,VIVIENDA_U,2783 Mifflin Plaza,11:26,4:33,6,31657,32557
_lgebhardo,7173842115,2021-06-20,585-05-7178,VECINOS,39675 Red Cloud Lane,14:02,9:27,7,97917,63580
_owarcop4u,3822406236,2022-01-07,445-71-0488,APARTAMENTO,67914 Shopko Point,11:11,4:21,15,30770,96061
_mkonmann96,2888876582,2020-02-21,223-01-0092,VECINOS,90 Bashford Pass,7:45,11:13,29,39493,99726
_dgorellilr,3523359724,2024-04-02,149-52-2394,APARTAMENTO,730 Annamark Drive,12:39,5:59,29,65846,61551
_ooxford8z,0548105537,2020-02-17,702-81-3153,HOTEL,8 Roth Plaza,10:13,2:12,22,40129,45396
_acortesiy,1909431303,2020-02-29,120-94-8582,VECINOS,85 Declaration Way,0:05,5:04,27,83793,44815
_toferrisnl,2454863286,2025-01-27,337-72-0020,P_NATURAL,11 Moland Way,2:46,10:12,26,87000,36487
_eseckom44,2185879634,2024-04-20,577-98-5598,P_NATURAL,3112 School Street,3:05,0:07,28,67293,35158
_dchampnessb7,3671186151,2021-05-05,767-10-3617,P_NATURAL,616 Ramsey Hill,19:28,18:26,14,26812,12541
_edrewitt21,4713088382,2021-09-20,247-72-7063,P_NATURAL,54071 Westend Road,19:58,17:25,10,4703,44994
_ekilcoyneng,4365655698,2023-01-15,507-75-2155,APARTAMENTO,78105 Glacier Hill Plaza,14:35,4:41,29,67648,26486
_fprangleoa,2498803394,2020-04-23,281-33-2634,P_NATURAL,925 Bellgrove Street,10:14,9:50,9,65080,13575
_tpfaffeih,0101556667,2024-10-22,536-40-7685,APARTAMENTO,4 Evergreen Park,3:41,2:49,29,65897,43872
_rlongriggfo,6820593252,2023-03-25,874-95-9492,VIVIENDA_U,284 Melby Crossing,17:47,12:33,6,83254,81203
_rlinckki,0071444599,2023-11-19,671-84-4370,P_NATURAL,81 Hauk Junction,8:49,12:50,14,15903,52484
_kgodbehereqp,0275727440,2021-06-07,375-66-4980,VECINOS,798 Bartillon Pass,8:49,10:15,10,79154,52087
_bharridaykh,5994415847,2020-12-14,616-82-9446,HOSTAL,40231 Elmside Parkway,13:05,9:17,6,15030,26050
_ashaeferf,8278916179,2023-07-23,625-67-4294,P_NATURAL,0 Armistice Road,16:52,20:05,24,11539,77608
_bpinyoncv,5966667144,2020-07-11,608-89-9328,VECINOS,7 Sundown Parkway,19:46,0:09,2,66138,50721
_edenisetlu,9645882796,2022-07-02,791-68-9595,HOSTAL,858 Warner Parkway,14:56,5:26,1,14934,6897
_ljealousp8,4712582545,2023-12-18,387-65-4398,VIVIENDA_U,7359 Leroy Alley,16:06,20:15,23,79464,67565
_ciskowerk0,7909931808,2024-06-24,370-81-3096,HOSTAL,03 Toban Junction,8:51,11:54,16,34250,63708
_fvarnalsr6,4037039133,2024-08-05,299-42-8670,P_NATURAL,51 Melvin Place,10:19,10:30,24,68937,51875
_cratleel0,1749909693,2023-09-21,148-56-8540,VIVIENDA_U,984 Bowman Park,11:02,20:19,23,35925,89166
_glindmanh1,6485842829,2024-08-25,390-60-8311,APARTAMENTO,0 Jay Trail,10:37,7:09,14,80787,96342
_amacgruern,7412695223,2024-03-01,816-75-4478,APARTAMENTO,44 Ramsey Circle,15:17,5:16,9,89641,56366
_lsalan3r,8535125086,2023-01-03,467-81-2237,HOSTAL,35 Stuart Parkway,21:02,2:15,13,99190,59197
_ndelhaya8,1422799042,2022-04-11,472-16-5079,VECINOS,18 Hooker Pass,6:25,5:53,12,18835,49996
_smapholmov,4611353184,2021-07-31,703-68-7102,HOSTAL,16789 Nancy Way,7:58,6:04,26,36937,29121
_govettkj,0322598990,2022-02-14,153-98-1998,APARTAMENTO,65 Meadow Ridge Junction,18:41,13:35,1,37448,53171
_cjoyson4i,7018389143,2025-03-08,216-13-8616,P_NATURAL,180 Fisk Street,15:13,6:47,24,27033,80544
_jfranzmanis,2868775829,2020-03-07,270-10-1669,APARTAMENTO,0 Corscot Pass,4:19,3:36,3,31597,19570
_rcastellanay,1649725787,2019-07-09,663-27-9424,VIVIENDA_U,36343 Riverside Court,23:32,11:31,20,33723,57757
_whubbart2b,4718491819,2022-08-27,118-40-4184,VECINOS,1437 Surrey Hill,18:15,11:15,26,21413,70987
_bmatijasevic9i,0071742670,2023-12-13,567-92-4690,VECINOS,25114 Fisk Street,8:15,7:54,5,23993,1175
_atwintermankz,1462205984,2022-08-10,532-29-8776,APARTAMENTO,2878 Hazelcrest Hill,6:30,15:07,19,69304,56721
_gtalboy33,7481953686,2023-10-31,207-23-1965,P_NATURAL,6540 Jenifer Plaza,15:54,10:06,15,44025,36034
_tchasteneyn5,0159943620,2020-08-24,229-51-6973,P_NATURAL,36809 Bartelt Crossing,14:30,14:29,22,50527,80378
_tgrinikhin8b,5050925487,2020-12-30,488-88-8770,APARTAMENTO,021 Meadow Ridge Hill,13:17,15:15,26,94663,66935
_tlatchmorehn,5684086608,2024-04-17,218-79-0327,APARTAMENTO,706 Barnett Parkway,4:57,11:05,18,22956,46548
_rcarlyon4h,4369221951,2025-04-28,515-62-9248,VIVIENDA_U,51 Little Fleur Circle,3:41,14:16,7,2252,53325
_bkingqo,5684933386,2020-12-04,692-20-5836,HOSTAL,18963 Eggendart Trail,2:02,14:50,9,16159,10544
_jwestnedge4v,1035220164,2024-03-14,335-71-3114,P_NATURAL,88 Barnett Way,23:19,21:59,7,24454,15544
_mcutbirth8e,7467039530,2020-08-16,677-41-1325,P_NATURAL,0 Harper Crossing,19:19,15:07,10,39103,41047
_rtomaszkiewiczjc,5365861922,2024-11-12,775-22-2207,APARTAMENTO,00225 Utah Circle,2:37,15:51,2,52782,10888
_bstrettellin,2201597766,2023-09-19,278-05-0074,APARTAMENTO,107 Moulton Court,22:20,20:15,11,77093,33964
_trashm0,0097949973,2020-05-09,526-69-0081,VECINOS,776 Sauthoff Lane,22:35,8:28,26,92685,27129
_pchandergm,7823631156,2024-03-29,216-55-7019,VECINOS,168 Memorial Crossing,8:24,4:11,4,76480,8840
_gosiaghail9g,4498771001,2020-12-30,252-44-3231,HOTEL,991 Porter Parkway,4:54,1:29,12,62196,84607
_rriolfior,9980726423,2020-02-19,873-14-4393,HOSTAL,0 Autumn Leaf Alley,20:19,7:31,4,26450,23879
_astoyellg7,1268431532,2022-09-25,476-93-5694,VECINOS,6 Brentwood Alley,10:32,13:16,30,69651,65047
_vcoleyjj,4826743068,2019-08-02,271-40-9067,APARTAMENTO,46860 Northwestern Center,12:15,2:39,21,51539,54018
_dmacredmondk9,4295030147,2023-11-05,739-23-2339,HOSTAL,9438 Annamark Crossing,6:47,8:53,17,59217,44682
_egoeffip,1878467425,2022-11-11,565-49-1117,HOTEL,4 Goodland Terrace,0:21,1:25,16,38681,10813
_ppaschopq,2807658164,2020-06-25,719-26-3610,HOSTAL,14877 Oriole Trail,23:26,10:28,12,52439,92556
_hnellepj,9283302826,2021-09-15,615-87-4874,VIVIENDA_U,121 Surrey Point,23:37,13:53,10,30586,56287
_abreed3e,6941525452,2022-07-13,681-55-9792,HOTEL,05587 Warbler Alley,20:20,2:31,15,17878,75734
_kbonifazioky,1656251515,2023-01-03,447-03-4641,HOTEL,1584 Helena Center,6:18,3:02,20,37862,97906
_pcook9k,4663237142,2022-01-27,369-37-1971,HOTEL,7980 Reinke Terrace,11:21,4:13,12,48825,9568
_ytruckett65,4919521464,2023-04-27,637-34-4619,VECINOS,30285 Jay Plaza,19:17,22:56,15,22938,38898
_kbeaconsallnt,5290875786,2021-09-21,250-72-2765,VECINOS,0 Independence Alley,8:51,8:30,4,985,60096
_spilch2k,6321044385,2022-02-03,133-11-4805,APARTAMENTO,3585 Petterle Hill,13:10,22:08,14,13211,7163
_kcockadayr7,9530875789,2024-03-14,199-91-4548,P_NATURAL,332 Dwight Avenue,13:34,23:26,29,45172,70249
_rhaslehurst4l,8171209815,2024-06-28,467-36-2571,P_NATURAL,9 Bluestem Pass,12:28,12:43,28,47349,7315
_spetfordpw,3655784341,2023-02-07,686-79-6425,APARTAMENTO,0 Anthes Lane,6:07,2:22,13,14662,60565
_apogue5w,7842859183,2021-05-24,207-58-4030,APARTAMENTO,090 Golf Crossing,21:39,20:14,30,62942,44467
_krussenpc,0519026764,2020-11-16,307-45-6230,P_NATURAL,44629 Oak Plaza,3:46,18:09,26,96782,14327
_cklimkovich4f,4200687895,2019-06-21,456-32-0710,APARTAMENTO,3 Katie Circle,19:04,7:57,23,73383,8171
_relsmore52,2185675052,2020-07-02,540-91-4554,VIVIENDA_U,939 Waxwing Road,11:29,22:44,4,34122,26114
_afancyat,7743465543,2024-01-12,748-57-4947,HOSTAL,20 Cordelia Way,13:11,1:58,1,17589,34025
_awraightees,5439646957,2022-12-09,105-89-3828,P_NATURAL,4500 Hayes Junction,14:30,23:22,3,77910,11497
_jsherland8,6126553179,2021-04-24,548-29-0574,VECINOS,4 Hermina Lane,4:10,16:58,4,45035,13785
_tkitchingn,6076180242,2021-05-29,662-17-3910,VECINOS,836 Merchant Crossing,8:40,10:43,27,61197,11463
_apogue5w,2299016732,2025-03-15,770-15-8793,VECINOS,78157 Butterfield Drive,18:53,7:11,23,46709,66667
_bwallbridgei0,9403002662,2024-08-03,266-89-4009,HOSTAL,49 Buhler Point,7:14,18:25,17,11397,76126
_jrozeacn,2380553017,2019-10-10,688-35-5505,P_NATURAL,3230 Fulton Crossing,1:09,3:45,14,21545,46836
_tlatchmorehn,4127641967,2021-09-03,598-93-1517,VIVIENDA_U,2444 Carberry Avenue,2:14,20:44,12,76289,15322
_yspadeck91,1231477997,2023-05-25,709-66-4401,APARTAMENTO,076 Hanover Parkway,4:10,17:22,6,72291,90245
_arasenf,9477879282,2022-07-02,738-60-5197,HOSTAL,70833 Westport Crossing,6:30,20:12,28,24535,85256
_ccarnieah,3998259570,2020-06-14,861-04-8293,APARTAMENTO,5 Village Green Court,14:55,16:33,4,93562,75719
_ckleinlererrd,3564533605,2024-02-22,727-97-6137,HOTEL,919 Graedel Crossing,23:30,15:35,28,78700,91085
_jmaplethorpe67,2825117277,2024-02-05,212-45-8154,APARTAMENTO,3 Prairieview Trail,19:34,22:46,18,11450,85952
_osowtencm,4848892740,2022-09-02,718-40-0704,VIVIENDA_U,441 Division Center,17:56,11:02,20,52716,21743
_bpankso2,6736048761,2019-06-01,128-15-3765,VIVIENDA_U,03 Sheridan Pass,22:35,11:22,1,29575,1447
_akestonc6,7181266004,2020-11-10,676-14-6839,HOSTAL,2 Florence Avenue,1:19,19:31,22,84055,7152
_mwright2e,2359113895,2024-04-15,592-70-8584,VIVIENDA_U,82 Rowland Lane,18:50,18:36,11,99273,3703
_achevolleaudo,5938210259,2019-11-28,889-04-1757,APARTAMENTO,7892 Scofield Hill,7:55,21:52,27,4080,8586
_lreddlemq,6818571492,2022-10-16,805-83-1418,VIVIENDA_U,43861 Petterle Park,9:59,8:36,14,58444,74202
_smapholmov,2113214490,2024-12-11,467-17-7614,VIVIENDA_U,479 Hoard Way,10:37,17:02,11,36061,97837
_btannrg,0795498551,2020-01-19,579-54-0846,P_NATURAL,1270 Russell Parkway,2:48,20:40,1,21284,59213
_achevolleaudo,0491417004,2024-10-12,388-98-1231,VIVIENDA_U,210 Badeau Avenue,22:18,11:11,12,78263,22979
_lbentj2,8893964902,2025-04-06,773-26-5338,HOSTAL,10467 Dunning Crossing,5:34,1:57,16,37793,73880
_wbodicumaf,3809703354,2022-12-04,112-54-2595,VECINOS,45 Goodland Way,0:34,11:07,15,86684,51073
_yspadeck91,6142450001,2025-04-11,170-99-2658,APARTAMENTO,70668 Texas Court,18:52,13:28,23,5474,8213
_mgonzalohb,2889988538,2021-09-26,702-26-5287,VIVIENDA_U,8960 Northwestern Junction,19:54,13:34,4,29032,48804
_phouldeyd7,5472145694,2024-06-11,161-20-8924,VECINOS,1 School Way,1:53,15:49,18,95547,70822
_mledramle,3178746846,2022-03-14,272-25-5168,VIVIENDA_U,1689 Granby Drive,21:59,23:54,8,46718,82971
_hpiggottd8,8236396517,2023-06-03,217-33-4601,APARTAMENTO,03 Mockingbird Center,23:40,17:49,19,13020,67790
_abote30,0952484064,2019-08-08,181-85-7211,HOSTAL,4819 Moose Point,15:23,22:15,23,42044,6314
_adinsdale3n,9038006063,2022-05-01,325-32-2848,P_NATURAL,629 Rusk Circle,10:34,6:52,11,89628,38725
_ghelstromff,2714530761,2023-06-24,243-96-4355,VIVIENDA_U,4 Trailsway Crossing,8:21,0:01,14,76506,48904
_zlintinjl,4705987454,2023-12-03,190-42-7382,VIVIENDA_U,7 Summerview Crossing,19:02,17:54,14,85126,70404
_spetfordpw,2916986006,2023-05-25,897-88-7526,HOTEL,9459 Jay Crossing,11:47,10:47,18,63030,74831
_jcorradettigf,9954814396,2021-04-17,392-78-0511,VECINOS,4466 Kipling Plaza,4:57,23:37,25,24670,31210
_bnatwickr9,2296008275,2020-06-09,659-57-5715,HOSTAL,0 Bartillon Junction,19:34,20:29,20,28786,65648
_rlebretonbw,8817124443,2020-09-18,656-04-5675,P_NATURAL,2644 Schurz Avenue,9:09,10:11,13,49165,44358
_dtruranoh,0887842690,2023-09-10,334-61-2896,P_NATURAL,86 Glacier Hill Pass,4:18,4:22,18,49451,60640
_cllorensd3,0157830322,2022-10-24,345-68-7930,APARTAMENTO,458 Butterfield Park,14:30,9:06,27,59871,5702
_mmougeotpu,4602558690,2021-02-06,819-18-8113,HOTEL,843 Transport Junction,3:47,8:13,29,84916,88020
_abedboroughf4,8136288585,2020-08-27,779-43-5665,APARTAMENTO,16505 Sunfield Pass,18:42,13:51,24,18902,25555
_gbampfordp9,5927681352,2022-12-29,510-02-1732,P_NATURAL,89551 Dorton Hill,21:25,3:43,19,87862,40537
_acocktonhc,8705170966,2025-02-22,834-84-5231,VIVIENDA_U,790 Fieldstone Junction,13:00,23:24,3,10503,4387
_egelardiko,1851597956,2022-09-04,743-42-7879,P_NATURAL,622 Mcbride Hill,12:40,12:42,11,38387,19495
_bbayleyjm,9692369064,2021-06-25,805-62-8589,VIVIENDA_U,7440 Maryland Junction,7:21,19:17,10,33891,4902
_ahurdis7p,6136729849,2024-05-03,213-88-6864,APARTAMENTO,0 Hoard Drive,5:52,12:16,15,48778,87876
_hwarriorjb,5272743369,2023-07-30,675-67-2631,P_NATURAL,562 Bayside Crossing,7:43,13:55,20,35034,60086
_lmanchett9j,8450112362,2020-04-20,475-73-8545,HOSTAL,6094 Marquette Pass,3:26,3:41,14,64794,1800
_shanmore5m,8074946835,2021-09-14,465-45-4147,VECINOS,202 South Junction,15:08,22:37,21,19363,25178
_sknevetla,5086427193,2019-10-09,166-21-7649,HOSTAL,5 Spaight Center,21:10,8:43,16,77630,58343
_pchandergm,4117220861,2022-02-06,287-54-9790,HOTEL,646 La Follette Lane,20:11,8:04,19,53313,85125
_ktompsett4q,8741792688,2022-09-26,837-22-9271,VECINOS,0085 Carpenter Pass,13:15,7:09,2,32345,75326
_lsigginsel,5438520194,2021-11-09,482-70-8656,VECINOS,72 Menomonie Road,20:12,16:15,28,94546,6934
_hcuncliffe4t,2172982415,2022-01-03,661-34-0374,P_NATURAL,2539 Carey Pass,3:59,10:26,1,67520,90508
_bwallbridgei0,3455828922,2021-04-01,165-29-2255,P_NATURAL,13 Onsgard Alley,9:09,8:32,25,50251,588
_jtimoneyqb,4180714248,2020-08-28,551-48-8637,VECINOS,83 Heath Point,5:33,5:25,8,49936,76452
_zbointoneb,8962774720,2025-02-02,460-76-0679,HOTEL,2463 Tennessee Crossing,11:13,11:51,12,50302,98541
_kabdyqc,6387535697,2023-08-06,418-77-4244,VIVIENDA_U,057 Erie Junction,7:06,6:08,5,61671,85972
_ldonetfp,8349951850,2022-09-03,892-28-4638,P_NATURAL,419 Kropf Trail,17:58,5:17,20,68103,61498
_adelwaterbj,6254495007,2019-12-21,817-18-7579,VECINOS,27999 Green Court,6:48,6:18,12,65319,15430
_kanneslieik,8396059667,2021-08-21,618-99-3329,VECINOS,23 Rockefeller Terrace,22:45,8:15,13,10684,85348
_mantczakgk,5643935813,2021-08-06,893-25-5079,HOSTAL,0 Northport Hill,1:55,5:23,25,1380,3306
_cllorensd3,6966845833,2022-07-03,353-89-9421,P_NATURAL,263 Red Cloud Junction,19:32,5:56,2,71201,58312
_acaston95,9677190598,2020-12-08,395-89-7374,HOSTAL,42742 Armistice Terrace,23:38,21:57,16,9998,20837
_fblissittlb,6795304205,2024-06-07,723-29-6627,P_NATURAL,2830 Fuller Plaza,1:57,11:12,18,65773,20028
_apoggig,0105915742,2020-07-02,290-61-9357,HOTEL,9 Moose Way,9:19,0:28,10,95851,98565
_wdamerellqw,0319418294,2024-05-06,161-50-7651,VECINOS,803 Corscot Drive,21:32,18:33,13,52882,51879
_kscottesmoor32,7660065610,2022-11-13,387-88-6280,HOSTAL,79 Manley Parkway,2:37,21:43,18,42221,54910
_lscammelljz,6116907768,2021-07-31,706-09-8865,VECINOS,5503 Blaine Crossing,21:10,17:50,1,55397,9289
_nslavin5r,3410765522,2021-12-26,849-38-5503,HOSTAL,34 Dennis Trail,22:56,22:09,7,87717,63741
_mkasman1x,0318498081,2023-01-27,808-71-0371,APARTAMENTO,424 Manufacturers Hill,8:37,15:13,30,14783,11634
_lspirito8,4570681441,2024-03-05,396-62-4406,HOTEL,5846 Del Sol Street,9:19,19:28,7,6371,62978
_dtheodorisae,4652879555,2025-05-06,517-60-8369,APARTAMENTO,82412 David Plaza,1:15,14:43,1,5258,17139
_kcockadayr7,6804782410,2023-07-01,284-33-2926,VECINOS,2 Jenifer Drive,16:32,2:50,22,82617,28872
_vcoverleyj,1069341797,2021-06-07,125-15-7745,HOSTAL,6000 John Wall Alley,13:13,7:04,27,91822,70848
_yspadeck91,2491509938,2023-06-06,408-16-6080,P_NATURAL,089 Hoard Alley,21:19,14:04,3,77853,65696
_nrigglesfordm1,1401876447,2021-11-14,685-79-6169,VECINOS,10 Trailsway Street,3:18,16:19,9,16950,84774
_channis62,3544779501,2024-09-17,232-67-6899,HOSTAL,5 Dorton Pass,8:59,3:32,12,17185,66098
_mlargeby,6008776755,2025-02-03,349-28-2882,APARTAMENTO,63576 Miller Trail,1:22,14:33,28,51300,49168
_fcousen7d,5385751227,2020-08-26,805-31-8806,VECINOS,23 Reinke Point,1:15,13:09,12,99301,13093
_vwinsletdn,6487936413,2020-07-08,892-34-5259,VECINOS,4223 Hauk Crossing,10:35,23:44,13,33936,97599
_aiddins8q,5593043655,2021-03-01,203-24-1124,VECINOS,125 Victoria Parkway,13:35,19:41,25,32371,51775
_asuttie7m,7361092829,2022-10-10,721-31-1896,VECINOS,5589 Russell Avenue,19:35,15:17,7,1534,50292
_gacresm8,5678525883,2019-07-28,579-62-6891,VECINOS,53439 Schurz Trail,22:10,18:35,4,33602,39988
_tmatussevichq0,8584800573,2024-06-02,202-08-8085,HOSTAL,047 Coolidge Circle,13:25,8:36,26,97830,99572
_tbeckerlegmp,2024656749,2024-02-19,628-99-9209,HOTEL,15593 Prairie Rose Park,4:16,19:41,14,41090,53852
_wverneyee,2325730409,2024-09-21,537-58-6658,HOSTAL,9 Kings Parkway,6:47,9:20,26,46832,56538
_lfettesn3,2452466395,2022-09-19,383-55-9560,VIVIENDA_U,01342 Lunder Terrace,6:20,19:33,11,26626,91906
_sgobolosns,2057863980,2024-11-06,166-53-5565,VECINOS,9 Burrows Way,13:36,2:41,13,24835,29516
_sbugden1t,2833918127,2023-11-27,152-48-9284,P_NATURAL,1 Iowa Road,14:38,17:06,26,26846,65415
_egeorgel60,6823525509,2023-01-01,845-33-7294,VIVIENDA_U,73 Kinsman Road,4:18,1:28,21,37379,94484
_bgaskom,3973341117,2023-06-23,686-62-7110,P_NATURAL,90811 Forest Run Junction,20:30,11:52,10,87759,57173
_bgaskom,0791729907,2025-02-08,229-52-3360,VECINOS,7519 Autumn Leaf Hill,20:14,3:11,8,21670,89563
_wdamerellqw,4654214321,2023-11-06,804-72-6983,HOSTAL,665 Lindbergh Center,1:22,2:49,16,89200,84197
_fkirag6,7683665118,2025-02-05,892-88-8477,VIVIENDA_U,3089 Mallory Place,19:35,11:07,22,26193,78408
_lheisham78,0776583697,2021-12-19,422-31-3408,HOTEL,04 Crest Line Plaza,10:33,8:47,3,21959,53588
_aelderkin9n,7497513176,2020-11-24,854-37-5337,APARTAMENTO,52924 Kipling Terrace,5:30,15:23,10,99895,50788
_rgerretsen38,6214080930,2023-08-03,406-06-4274,APARTAMENTO,083 Orin Trail,18:22,1:38,13,12939,88511
_igookey3t,0655669450,2022-01-29,873-79-1626,VECINOS,4 Harper Point,11:56,13:36,2,87973,88919
_ccotte53,8290751567,2023-08-07,245-78-2788,P_NATURAL,67 Rigney Lane,7:51,18:12,6,86282,15758
_phouldeyd7,6580885130,2022-08-14,271-87-9710,HOTEL,907 Darwin Lane,22:05,19:07,8,33057,25842
_bmacgraith46,5752060206,2025-03-05,471-49-1572,APARTAMENTO,41 Michigan Crossing,4:29,15:19,28,77704,38489
_tcashfordc4,8244074566,2022-06-21,251-92-6236,VECINOS,1235 Straubel Terrace,3:56,1:51,27,35141,44805
_fdomeniconepn,3394291916,2021-03-27,694-59-9379,P_NATURAL,76580 Lake View Trail,11:34,6:37,5,13751,58789
_mfruchonf2,1863387668,2019-07-04,606-34-5140,APARTAMENTO,690 Sachtjen Hill,10:29,1:31,13,26044,47124
_osomertonl8,1524427446,2019-06-05,786-76-4145,HOTEL,574 Sullivan Place,20:27,9:21,14,38663,90143
_rbortolazziot,4812378656,2021-02-02,225-45-0054,HOTEL,03039 Gulseth Court,22:19,2:07,10,76889,24588
_alockerhq,0086293087,2021-12-30,761-29-8535,HOTEL,0 Jana Trail,10:39,20:29,11,39058,2365
_jatwelc7,7099568728,2020-06-13,726-99-2676,HOTEL,5513 Independence Alley,3:45,1:47,25,71988,74874
_emcshane1l,8763372347,2020-01-25,265-41-6277,APARTAMENTO,01573 Old Gate Plaza,0:51,11:52,4,46400,29443
_ccotte53,4192679833,2020-12-05,623-86-2558,VECINOS,1 Spaight Trail,14:26,13:04,5,91171,63486
_vmcconnal71,2623423903,2020-10-17,392-44-8401,VECINOS,269 Hagan Lane,5:51,22:28,16,33232,84018
_lgebhardo,0457119098,2023-04-05,376-29-7022,VIVIENDA_U,2 Harbort Point,12:04,22:27,27,70007,8052
_fomullenqh,9344465967,2022-05-15,469-48-7188,VECINOS,7 Express Road,9:21,9:33,20,36038,19514
_dtheodorisae,0739193309,2023-08-15,381-26-1923,HOTEL,26 Orin Trail,23:06,20:10,10,82940,6442
_kwinckles7q,5182527934,2019-08-05,710-41-3707,HOTEL,7 Blackbird Point,21:14,14:45,15,71225,21578
_emeigh26,6752003416,2021-08-17,312-56-0457,VIVIENDA_U,94 Chive Center,23:06,5:41,13,42202,1396
_horford5q,6592931825,2022-06-10,356-11-4468,P_NATURAL,5 Fairview Street,8:46,0:36,29,36740,48887
_calsopmj,5769381353,2019-11-30,254-86-9425,HOTEL,556 Hooker Parkway,19:10,0:50,7,76176,80201
_patgern8,4790625303,2022-03-09,516-61-1234,APARTAMENTO,11353 Clarendon Center,15:49,8:45,10,30464,89507
_bkennan0,4255003386,2020-03-13,127-29-9377,VECINOS,37 Lawn Point,19:48,5:22,12,30989,15017
_aschachep,6402919179,2025-01-03,104-28-9336,HOSTAL,82134 Ohio Point,1:02,15:31,7,73357,96573
_jfarnie3m,8649582176,2022-08-12,704-23-7011,P_NATURAL,9665 Northland Parkway,1:43,6:43,30,66924,97457
_bbruckpe,8249976746,2023-08-10,228-21-9046,VECINOS,6 South Parkway,6:37,15:57,5,36151,38442
_cdoogan4e,2963443056,2023-09-14,728-30-9522,P_NATURAL,0 Morningstar Alley,3:13,4:29,14,1361,76775
_mstolbergerly,8302062847,2020-02-05,587-26-3337,VIVIENDA_U,32 Rowland Center,15:13,10:36,20,39540,35621
_vduffittow,4683186063,2020-07-25,748-72-5003,P_NATURAL,8230 Thierer Point,20:02,11:38,26,29823,11023
_wdamerellqw,7759464673,2021-08-09,221-53-7386,P_NATURAL,48324 Lunder Drive,14:03,7:16,7,86842,89541
_mmougeotpu,6109406813,2023-07-15,341-77-3740,P_NATURAL,52 Vernon Point,15:56,9:41,23,93685,65491
_ajakovijevicmg,7970947972,2019-09-03,528-46-1356,HOSTAL,58 Hudson Circle,19:27,9:48,22,5785,46626
_cdutnellk6,5212604478,2020-08-06,471-36-4116,HOSTAL,966 Cody Trail,1:08,2:34,22,11650,20225
_acomettilo,5436807801,2024-06-18,574-74-8529,P_NATURAL,01 Surrey Trail,23:36,18:38,13,25690,22508
_bmacgraith46,9310819022,2024-04-05,659-58-8144,VIVIENDA_U,0 Johnson Drive,10:49,21:12,4,46763,77107
_cwraxall80,3829357540,2023-11-04,383-37-6780,P_NATURAL,206 Victoria Plaza,18:37,14:38,7,3158,21133
_jsyplusfz,2039485341,2020-05-21,233-44-7755,VIVIENDA_U,54857 Main Place,16:34,15:07,29,70188,65939
_zvasyutochkinmz,2090283254,2020-11-21,572-84-1980,VECINOS,39 Grayhawk Junction,16:14,21:49,25,48167,25917
_mledramle,4394337070,2022-01-30,537-44-4661,VIVIENDA_U,65 Union Place,17:00,2:09,11,19709,8671
_apacht35,7258359710,2024-12-30,180-99-3156,HOTEL,46524 Butterfield Way,6:44,22:53,3,94408,6972
_sasquithoe,0213593262,2024-09-27,799-67-2213,VIVIENDA_U,2 Judy Lane,6:57,13:59,3,53902,17006
_blamyd,2092297260,2021-07-12,539-82-8655,P_NATURAL,65 Eagan Court,6:40,23:47,25,57535,39209
_aemerton2z,4722490732,2021-08-10,280-45-2052,VIVIENDA_U,6 Delaware Crossing,10:33,1:21,8,28406,41106
_jgowling45,5863741821,2023-03-02,187-20-4334,P_NATURAL,6 Burning Wood Street,7:57,3:57,12,10966,43073
_cbalfourgo,9566817452,2025-04-02,787-81-1173,APARTAMENTO,7051 Clarendon Terrace,0:58,1:28,15,75576,54403
_jfarnie3m,9396790095,2020-11-25,613-18-8773,HOSTAL,54 Rowland Court,10:14,3:55,5,83360,44902
_jsoarese3,4972420464,2021-04-23,138-22-1352,HOTEL,8 Scofield Alley,3:34,20:12,20,97352,37463
_cfilippozzi1f,6088171529,2023-07-02,675-63-3577,APARTAMENTO,0681 Thierer Avenue,17:28,14:01,14,95554,29431
_lragsdale6v,9773702162,2020-12-17,318-09-7532,HOSTAL,530 Sachs Circle,7:25,12:52,28,47498,73931
_vlaphornfw,4496791137,2024-01-04,570-54-1037,HOTEL,8608 Macpherson Plaza,9:07,21:44,2,14631,38567
_tlatchmorehn,3594100227,2021-01-08,799-40-7415,VIVIENDA_U,07768 Bobwhite Terrace,20:23,20:59,18,39610,24872
_jomullallyld,2559239825,2019-10-23,736-25-7476,HOTEL,16 Clemons Road,9:31,14:49,12,58205,96829
_tbeckerlegmp,9035402332,2023-01-21,466-08-4607,P_NATURAL,01614 Summit Street,14:04,11:16,6,54779,51374
_ciskowerk0,7687206827,2020-03-22,606-74-4629,HOSTAL,67080 Glendale Hill,4:35,8:25,17,22755,33931
