id,capacidad,precio,tamanio,diasReservados,fechaCreacion,habilitada,operador
3001,14,844.58,282.6,57,2019-12-01,0,--hiannelz
3002,20,751.8,497.7,0,2018-01-23,0,--ainglestong4
3003,19,915.07,86.1,2,2018-07-28,1,--kburtt6z
3004,3,390.12,386.8,81,2018-06-28,1,--hagneaug1
3005,2,707.27,418.1,2,2019-12-06,0,--santowski2z
3006,15,210.29,299.4,93,2019-02-05,1,--sdatnc
3007,4,945.91,108.0,1,2019-12-13,1,--gnorrien3
3008,17,248.92,185.8,87,2019-03-14,1,--jstollwerck2p
3009,14,230.86,404.6,37,2018-02-05,0,--tbaudreykr
3010,19,342.07,388.1,98,2019-05-23,0,--ggivensfm
3011,14,32.87,99.3,55,2018-05-15,1,--mkeyzman9a
3012,16,301.02,360.0,81,2018-08-24,0,--rgregerh0
3013,2,849.77,339.1,65,2019-05-06,1,--adoddemeadeae
3014,4,231.59,421.0,88,2018-10-28,0,--nkelleyjz
3015,9,688.86,192.1,63,2019-02-26,1,--hgethingsr3
3016,10,761.8,224.9,18,2018-01-26,0,--treinertcw
3017,4,551.71,171.9,83,2018-12-15,0,--aguppynx
3018,8,370.42,484.6,83,2017-09-19,1,--reilhermanni0
3019,14,892.73,49.7,98,2020-03-14,1,--wyeomansem
3020,10,705.47,166.9,95,2019-08-16,0,--mcoadeqq
3021,6,286.34,494.6,0,2020-02-22,0,--edickeyfo
3022,18,910.6,143.9,82,2019-12-05,0,--skacheler42
3023,9,100.47,92.1,56,2018-05-07,0,--icodila
3024,11,555.42,175.9,27,2017-08-30,0,--lstalfeg
3025,5,934.48,338.6,41,2017-12-07,1,--fsycamorepb
3026,11,405.92,235.1,33,2018-04-03,1,--mpavlataqj
3027,5,612.54,105.6,61,2018-01-22,0,--bjewitt2i
3028,15,29.36,137.3,63,2018-07-07,0,--ajunkinsonhh
3029,2,955.95,226.3,99,2017-10-27,0,--hphilipeauxi5
3030,8,18.79,423.7,89,2017-10-21,1,--hkirkebyeif
3031,19,46.0,499.9,67,2018-08-22,0,--kasliep7
3032,4,874.32,356.2,18,2018-04-07,1,--wsaphinov
3033,12,24.75,304.3,28,2019-06-07,0,--swristhc
3034,18,135.96,314.8,11,2018-04-23,0,--shundeyj
3035,19,230.7,17.9,68,2017-10-23,0,--cvasilischev10
3036,8,190.28,461.9,81,2020-05-21,1,--bdriscoll6q
3037,16,345.66,410.2,90,2018-08-02,0,--acawkilldw
3038,1,508.82,285.4,6,2020-01-09,0,--kcrabos
3039,2,610.8,321.9,22,2019-04-21,0,--bshawcross7n
3040,15,555.93,383.5,55,2019-06-15,1,--darkleymf
3041,9,822.01,207.8,23,2020-05-04,1,--scrowchh8
3042,19,905.21,475.9,13,2018-04-06,0,--rfirsbypj
3043,4,928.41,409.6,39,2019-06-09,0,--ecritchleyci
3044,4,388.94,341.9,84,2019-09-03,1,--ldryburgh4
3045,11,856.1,128.3,46,2018-01-31,0,--bbuttnerfj
3046,18,752.8,396.4,80,2019-01-14,0,--bhawyesm8
3047,6,506.9,47.8,38,2020-03-22,0,--hposselwhitejk
3048,2,137.6,269.1,3,2019-10-23,1,--cgomanp1
3049,6,541.48,477.7,73,2020-01-01,0,--cboudlv
3050,2,580.25,267.6,14,2019-05-01,1,--swristhc
3051,10,271.76,429.4,0,2019-08-29,1,--gpinockgs
3052,9,205.89,326.2,97,2020-01-07,1,--wluney6r
3053,17,363.6,493.6,46,2019-12-06,0,--cdevonportda
3054,18,601.57,263.7,45,2019-11-02,0,--vmcilvoray7g
3055,16,150.93,341.5,9,2018-03-03,1,--fbackler8j
3056,14,310.56,437.4,91,2018-06-01,1,--alampelq
3057,15,534.88,430.3,86,2017-09-20,1,--mchattenrk
3058,10,775.58,14.2,31,2019-01-12,0,--gmanser3c
3059,3,205.08,73.2,29,2019-12-30,1,--iwellsteadit
3060,18,720.3,345.1,51,2019-02-02,0,--sburycc
3061,4,539.48,451.7,2,2019-11-10,1,--wpennrington5d
3062,15,651.83,196.0,56,2019-08-18,1,--afooterbf
3063,1,596.73,416.5,61,2019-08-28,1,--eskermer82
3064,5,76.4,267.1,92,2018-01-23,0,--mwillimontai
3065,3,910.38,57.0,28,2018-01-02,1,--lmartijnl6
3066,13,769.21,147.2,49,2020-02-16,1,--kduddleo
3067,16,864.01,78.3,40,2019-11-11,0,--ddavidovitsbs
3068,7,327.7,113.8,34,2017-09-17,1,--gdetloffgj
3069,4,30.11,208.0,58,2019-12-23,1,--aairton74
3070,6,176.96,133.1,87,2017-10-11,0,--bwildsmithcv
3071,10,690.87,67.1,7,2020-04-01,1,--wmottinik9
3072,5,565.45,179.7,57,2017-08-28,1,--tdemendoza8
3073,9,721.15,344.3,3,2019-06-21,1,--sbirtdq
3074,6,266.34,214.0,31,2020-04-22,0,--smonahan1e
3075,16,235.02,112.4,33,2018-11-29,1,--kboffey5s
3076,14,252.3,104.9,2,2018-04-14,0,--alackmann8k
3077,6,285.38,364.2,91,2018-09-23,1,--tlindro6v
3078,4,638.69,419.4,85,2019-11-12,0,--rwaistellh7
3079,10,211.79,469.8,45,2018-09-02,1,--gdowrey6f
3080,13,644.63,301.8,100,2017-09-03,1,--tdemendoza8
3081,19,483.45,258.9,60,2019-07-06,0,--chugonneaui9
3082,19,426.37,369.1,34,2020-01-17,0,--agregorattije
3083,6,43.69,371.9,62,2018-05-17,1,--schestnuttmu
3084,15,880.95,25.2,100,2019-05-19,1,--chugonneaui9
3085,4,458.84,303.3,50,2018-06-30,1,--dskirlingiz
3086,7,416.67,390.0,94,2019-12-14,0,--nbramwich89
3087,6,377.7,214.8,41,2018-10-13,1,--pgiffenmq
3088,12,717.49,478.2,92,2018-05-14,0,--acopelandes
3089,6,523.69,279.5,50,2017-11-27,1,--pinnerstone7b
3090,12,691.43,89.0,1,2018-08-02,1,--dfanceo0
3091,7,509.45,290.9,79,2018-07-09,0,--csuddicknf
3092,13,584.11,288.7,53,2017-08-24,1,--gsouten7z
3093,20,606.42,432.2,5,2019-11-19,0,--emckirdyau
3094,1,164.62,111.9,17,2019-06-21,1,--qstoffler63
3095,17,532.12,274.7,69,2019-10-23,1,--kportail70
3096,18,345.49,333.2,32,2017-09-07,1,--ribanezcq
3097,10,828.49,66.3,60,2019-08-18,0,--cpetran5r
3098,13,514.93,417.2,11,2017-12-31,1,--jbraunsteindk
3099,3,360.73,438.0,90,2019-03-21,1,--tlifejr
3100,4,641.86,93.9,85,2019-07-30,0,--ccackettjw
3101,15,873.15,193.1,64,2017-12-05,0,--tbows9p
3102,7,102.8,311.4,32,2019-08-08,0,--mcoarser54
3103,10,134.15,343.7,31,2019-12-11,0,--coneile7f
3104,3,691.36,74.2,93,2018-03-09,1,--csuddicknf
3105,20,664.54,233.7,68,2019-01-11,0,--tshallool5
3106,11,272.06,330.1,72,2017-09-09,1,--gvickars65
3107,12,868.24,101.8,80,2020-01-07,1,--cpetran5r
3108,19,465.22,80.1,65,2018-01-08,0,--abuddell44
3109,8,137.47,169.6,70,2018-06-25,1,--tlamashf
3110,3,549.58,457.6,92,2019-02-23,0,--tsmurthwaitegv
3111,19,427.49,417.5,1,2018-12-24,0,--dsamweyesc6
3112,18,609.02,304.4,27,2019-04-11,1,--gjelley98
3113,10,578.04,161.7,40,2018-12-24,1,--mguiotrg
3114,5,849.97,395.4,64,2018-12-30,1,--nalexandrescuho
3115,1,446.85,15.5,28,2020-02-04,0,--cwadforthnb
3116,4,139.33,226.9,88,2019-11-26,0,--rrateg6
3117,12,969.8,116.5,94,2018-03-14,1,--rmulqueeny1j
3118,1,579.91,468.5,20,2019-04-22,1,--florenzo9u
3119,20,589.15,67.5,36,2019-11-20,1,--iwellsteadit
3120,9,623.49,114.9,16,2020-01-22,0,--osteptower4
3121,4,415.16,235.4,16,2018-11-23,1,--wgorek1
3122,1,124.4,409.0,28,2020-02-19,1,--bmaccartney5i
3123,3,598.09,323.7,8,2019-01-01,1,--lgaitung6k
3124,18,190.78,114.5,77,2017-10-18,0,--cboudlv
3125,4,762.69,136.7,78,2017-12-13,0,--fzuanp2
3126,15,330.76,16.4,63,2019-06-17,0,--mswanborrowfp
3127,15,841.63,476.5,44,2018-12-02,0,--mcoarser54
3128,6,905.7,73.7,82,2019-11-06,0,--skohrt9j
3129,6,307.29,356.1,87,2018-11-20,1,--ndeknevetm3
3130,3,699.09,450.5,45,2017-12-13,1,--eglenwrightw
3131,12,374.36,265.5,40,2019-07-30,1,--ckubczakhp
3132,14,889.31,24.2,70,2019-10-01,1,--iputtickma
3133,3,575.91,50.8,20,2019-07-10,0,--tlamashf
3134,12,492.56,313.7,85,2018-11-09,0,--tbaudreykr
3135,15,334.21,390.3,87,2019-12-08,1,--rparishm2
3136,14,34.49,11.2,100,2017-10-29,0,--olampert76
3137,2,434.76,27.5,32,2020-03-29,1,--ecornwell9f
3138,20,911.8,142.3,100,2018-02-19,0,--atitford4p
3139,17,138.95,471.8,12,2018-06-30,1,--fbackler8j
3140,14,762.48,145.0,89,2017-08-15,1,--svenessld
3141,16,665.67,149.7,13,2018-07-24,0,--lgenney1u
3142,11,593.86,22.6,84,2018-03-18,1,--akermannes4s
3143,8,53.41,406.2,90,2018-01-22,1,--jgudgin6b
3144,13,996.24,407.4,69,2019-07-02,1,--mdecastelain5l
3145,4,147.39,280.5,66,2018-10-20,1,--rsedgwickly
3146,16,262.15,123.5,98,2018-10-29,0,--alackmann8k
3147,18,166.26,368.8,54,2017-11-17,1,--alampelq
3148,19,210.76,18.8,48,2019-12-06,0,--lwalshama2
3149,19,406.39,112.1,23,2017-10-06,1,--pmclaneqt
3150,4,113.96,174.4,43,2018-03-05,0,--ccorneillel3
3151,10,135.23,285.2,64,2019-03-16,1,--jjoinsonm4
3152,14,874.92,450.0,5,2017-09-03,0,--ggerrenscd
3153,3,744.99,196.3,80,2017-08-30,1,--fharrowsmith4v
3154,6,686.75,121.7,15,2018-12-10,1,--bmcterrellyh
3155,3,486.34,467.6,10,2019-12-02,1,--rhawthorn17
3156,12,106.42,368.9,12,2018-12-23,1,--cobeneyqy
3157,3,114.65,341.6,19,2020-01-25,1,--dpatonc2
3158,19,271.78,100.7,91,2019-08-07,1,--lyokelbv
3159,5,939.89,355.1,84,2018-05-17,1,--pwhittick9t
3160,16,924.71,499.6,22,2017-11-25,0,--fwastlingnt
3161,3,861.56,291.2,95,2020-03-08,0,--hstonbridged
3162,19,853.85,180.2,26,2017-08-05,1,--gkleece
3163,20,948.53,460.6,23,2019-03-12,0,--bscaleralq
3164,4,623.62,125.9,58,2018-10-12,0,--nloftya9
3165,8,210.52,71.3,57,2019-05-27,0,--cgodley2e
3166,8,331.81,315.3,86,2018-01-20,0,--iflippinign
3167,11,907.59,354.6,32,2020-03-06,0,--dreinmarc8
3168,6,600.19,496.0,98,2019-07-03,0,--ksemournn
3169,6,206.44,288.4,6,2018-08-05,1,--cfitzharris9m
3170,17,891.69,280.5,84,2018-01-23,1,--lstalfeg
3171,20,488.84,491.4,68,2019-12-04,0,--gdetloffgj
3172,7,609.83,19.4,19,2019-08-29,1,--warmellnk
3173,20,42.99,137.0,13,2017-08-17,1,--jlovemorehj
3174,8,416.31,282.0,61,2019-12-08,1,--tobrallaghange
3175,11,325.9,58.2,57,2019-02-05,0,--kdabnor2k
3176,6,371.29,171.4,52,2018-07-06,1,--esewart7m
3177,6,739.38,212.2,30,2018-12-16,0,--sconneely9n
3178,9,167.86,438.8,20,2019-12-04,0,--icodila
3179,16,846.44,69.1,19,2019-11-20,1,--mlaxstonfd
3180,20,516.65,353.6,95,2018-09-18,0,--rblakeleynp
3181,9,392.87,415.2,30,2017-10-01,0,--tmccoughanl4
3182,4,719.22,261.2,12,2017-10-19,1,--tsobeyiq
3183,14,731.51,267.9,5,2017-12-15,1,--igoneym5
3184,9,560.38,173.9,40,2019-02-28,0,--lcavetr7
3185,2,944.86,302.1,96,2018-08-21,1,--mchimes8n
3186,16,550.84,185.4,23,2018-11-15,0,--gskotcher9d
3187,6,378.56,228.3,11,2019-04-06,1,--mstrettlei6
3188,8,507.23,347.9,54,2019-08-29,0,--dlosbiep9
3189,12,326.62,289.8,28,2019-01-31,0,--sfoulser7w
3190,17,206.87,378.3,27,2018-04-05,0,--twooddissenu
3191,20,887.37,497.2,79,2017-11-16,1,--hwinterdi
3192,12,691.52,349.5,67,2017-11-05,0,--jmowsdellhy
3193,4,713.74,374.3,99,2017-11-26,1,--ksowle96
3194,10,547.01,470.9,63,2018-05-23,1,--sfaustiana1
3195,11,588.84,136.8,86,2019-04-12,0,--eskermer82
3196,3,130.55,13.9,15,2018-03-11,0,--nmcasgill4d
3197,6,119.03,176.5,28,2019-11-19,1,--mcoadeqq
3198,19,799.69,121.5,83,2017-08-05,1,--pheamsk7
3199,8,685.21,117.6,25,2019-04-01,1,--hchellingworth8i
3200,2,842.38,240.6,28,2018-05-21,0,--scroppmg
3201,12,560.58,204.3,24,2018-05-21,1,--mguiotrg
3202,13,580.89,100.9,94,2018-10-01,1,--asamwaysod
3203,3,674.98,153.9,76,2018-01-05,1,--msnuggo8
3204,18,335.68,150.6,42,2017-11-05,1,--dwillcocks6j
3205,18,484.24,183.9,20,2019-10-12,1,--hmacauleypu
3206,9,564.82,424.3,90,2019-07-08,0,--bwishama3
3207,3,241.85,132.6,11,2017-09-02,0,--enardrup3w
3208,6,19.78,432.8,5,2020-05-06,1,--bcicculi2
3209,17,89.96,321.7,60,2017-11-14,0,--ccackettjw
3210,6,415.39,476.2,96,2019-03-20,1,--nbraunrothgf
3211,13,672.09,170.7,82,2018-08-04,1,--epudge9h
3212,3,96.24,481.5,56,2018-03-21,1,--iputtickma
3213,4,88.08,296.6,41,2018-06-24,1,--fviles5x
3214,11,138.1,80.4,63,2017-08-19,0,--lbackenet
3215,15,456.12,285.3,50,2020-05-20,0,--hphilipeauxi5
3216,4,682.72,200.8,19,2018-05-09,1,--mconsterdineca
3217,16,338.15,127.2,1,2017-12-22,1,--gskotcher9d
3218,7,710.44,298.3,95,2018-05-23,1,--cgerantcs
3219,14,211.38,282.8,58,2018-02-03,0,--eburburough4b
3220,19,345.38,449.1,75,2018-08-15,0,--sburycc
3221,9,976.27,214.4,95,2018-04-27,0,--bscriver1v
3222,17,238.89,75.3,76,2019-02-11,1,--rrandallqx
3223,13,510.57,138.1,10,2019-09-22,0,--lpingstonelt
3224,3,893.04,10.2,37,2017-12-27,0,--dsayn0
3225,14,220.81,340.0,59,2017-12-10,0,--yfaireykv
3226,13,501.78,164.6,78,2019-08-07,1,--rsimonelkc
3227,19,643.37,227.3,72,2018-04-26,0,--brobinson2c
3228,20,472.93,432.3,17,2020-02-06,1,--nrosiekj
3229,1,340.34,60.7,52,2017-10-06,1,--gpoundesford35
3230,18,798.1,237.9,2,2019-05-02,0,--nethridgeg0
3231,16,142.63,97.1,14,2017-10-14,0,--achrispinf3
3232,7,140.5,433.3,17,2018-08-23,1,--mgennrich27
3233,19,47.41,60.8,91,2020-04-11,1,--ktreadwellar
3234,14,168.28,130.3,20,2017-09-12,0,--fjahnelmv
3235,17,907.13,347.7,6,2018-01-25,0,--mdorosariohq
3236,16,300.28,73.5,39,2019-03-05,0,--tkimbrough5e
3237,2,512.93,308.7,33,2018-07-01,1,--tsissoner
3238,20,643.49,86.6,69,2020-04-09,1,--fparnabyjc
3239,4,436.87,249.5,50,2019-06-14,1,--mkeyzman9a
3240,17,784.18,463.1,6,2018-06-02,0,--kdeldelloey
3241,9,389.39,405.3,62,2018-08-12,1,--tbails6u
3242,1,239.54,126.1,50,2019-05-13,0,--pmularkey7x
3243,5,955.17,351.1,23,2019-09-16,1,--pbingee
3244,10,308.72,223.9,52,2019-03-15,1,--vwickenfw
3245,10,469.62,250.1,1,2018-10-06,0,--emcdowell1l
3246,12,329.03,163.4,81,2018-01-18,0,--blindberge2
3247,15,452.49,481.7,32,2019-06-02,1,--jgowingqu
3248,5,170.9,336.5,42,2018-06-13,0,--cscarr21
3249,4,582.43,470.4,39,2018-02-17,1,--mstrettlei6
3250,2,974.72,366.6,42,2018-12-09,0,--drodda4l
3251,20,960.62,452.4,70,2019-02-26,0,--ctresise1k
3252,12,976.17,22.5,30,2017-11-16,1,--gtomkinhn
3253,4,752.66,22.8,45,2018-09-05,0,--claced8
3254,19,475.25,101.9,95,2018-08-06,1,--mmachostiefr
3255,7,531.42,120.6,86,2018-02-21,0,--kburtt6z
3256,3,167.64,480.4,95,2018-11-27,1,--ajackett5o
3257,5,615.82,355.9,16,2019-06-14,1,--mbrokenshawim
3258,20,70.26,41.1,3,2020-01-14,0,--eoxbyc0
3259,9,988.5,108.3,20,2017-10-28,1,--eswinfenhw
3260,14,672.15,419.1,91,2017-12-17,0,--alochriegi
3261,5,622.29,338.2,96,2019-08-09,0,--obessell4m
3262,2,834.61,345.9,76,2020-01-16,0,--bfuentept
3263,13,615.6,86.5,2,2018-03-20,0,--osmoughtonrl
3264,19,840.35,320.6,44,2018-02-10,0,--ecritchleyci
3265,13,600.07,281.4,72,2018-01-08,1,--smarioneaugt
3266,3,193.82,60.7,73,2019-03-28,1,--sfarquhar8u
3267,17,305.19,371.6,52,2020-05-12,1,--nparkinsonph
3268,16,767.55,442.5,32,2019-12-21,1,--sschubart16
3269,10,511.93,434.4,74,2017-10-10,0,--schestnuttmu
3270,15,554.75,442.8,83,2019-09-04,1,--gjaradek
3271,18,702.17,462.8,57,2019-08-17,1,--hrendellaa
3272,14,780.14,412.4,70,2018-10-21,0,--abeamond37
3273,3,70.74,204.6,60,2017-09-24,1,--pgunston4z
3274,9,459.82,395.3,30,2018-07-20,1,--lwhitworthps
3275,3,739.42,315.1,61,2018-01-07,0,--alampelq
3276,14,722.87,346.2,88,2018-09-17,0,--gkesterton23
3277,10,602.5,488.7,61,2018-10-08,0,--eduddridgemw
3278,4,706.42,280.2,94,2020-01-22,1,--dconninghamky
3279,11,237.64,33.4,48,2017-12-19,1,--bgilbert3r
3280,12,832.0,361.2,45,2018-12-26,1,--gscahillad
3281,12,550.94,373.1,86,2018-09-11,0,--jcolin9l
3282,6,842.84,73.0,21,2018-10-30,1,--ashanleyh1
3283,3,525.66,350.1,67,2019-05-22,1,--hsykorabe
3284,6,201.53,430.5,21,2019-01-13,1,--mtoffanocj
3285,17,688.92,72.5,60,2018-06-03,1,--bhixleyds
3286,12,202.27,128.5,7,2019-12-29,0,--mmccoskerff
3287,5,146.21,493.9,37,2018-09-19,1,--sbasnettfi
3288,3,427.47,230.4,42,2018-02-18,1,--ssherebrookelu
3289,11,957.23,459.9,30,2017-09-11,1,--ebattramcb
3290,7,34.38,431.7,44,2019-04-17,1,--bbartolini9g
3291,17,696.39,132.2,6,2019-08-18,1,--mdorosariohq
3292,4,497.12,394.8,76,2019-01-19,1,--sfarquhar8u
3293,17,463.39,128.1,41,2019-07-12,1,--ajanuszdl
3294,11,198.88,228.9,1,2019-10-28,0,--jrankinpr
3295,9,477.25,469.1,48,2019-10-31,0,--isibillee6
3296,10,512.06,474.3,26,2017-08-13,0,--bsavillav
3297,7,793.59,472.6,95,2018-07-13,1,--gpoundesford35
3298,17,41.44,364.0,61,2017-10-27,1,--hkremero3
3299,9,884.86,493.3,80,2018-11-10,1,--gskotcher9d
3300,2,546.52,211.9,58,2019-05-10,1,--cconniamlh
3301,2,706.15,354.4,91,2018-03-06,1,--mgartshorep5
3302,3,400.61,294.0,4,2017-12-16,1,--emacparlan8c
3303,9,275.26,369.2,20,2018-01-07,0,--uclaesenshe
3304,2,391.59,145.7,43,2018-03-10,0,--sfergysonao
3305,8,631.63,206.4,59,2019-02-24,1,--jpocock91
3306,5,848.61,335.0,23,2018-04-02,1,--mchattenrk
3307,6,408.0,392.3,31,2019-08-13,0,--sfoulser7w
3308,6,882.0,378.5,41,2020-01-26,1,--glickorishh2
3309,9,23.77,22.9,1,2020-04-30,1,--rbubeer4y
3310,5,426.52,226.0,25,2018-01-30,0,--hclewesrh
3311,11,799.04,94.1,64,2018-08-22,1,--sizkovitz6
3312,9,337.76,365.4,84,2019-09-27,0,--jgowingqu
3313,14,327.4,269.7,59,2018-01-11,0,--atitford4p
3314,19,955.87,283.1,17,2020-02-04,1,--cholseyco
3315,3,343.66,191.9,51,2019-12-16,1,--pdewberryqr
3316,10,455.42,268.3,91,2020-04-25,0,--mocannankq
3317,7,440.06,395.3,51,2019-08-09,1,--htutton1r
3318,18,109.09,25.8,36,2017-12-12,0,--wmottinik9
3319,3,427.91,363.3,17,2018-07-08,1,--jpask6l
3320,2,685.92,337.8,45,2019-08-25,0,--aillsley75
3321,9,384.46,44.8,40,2020-04-01,1,--lcavetr7
3322,11,513.61,37.4,96,2020-02-01,0,--aguppynx
3323,3,660.83,104.5,70,2018-01-02,1,--wgodferynj
3324,1,202.53,348.5,91,2018-07-13,0,--gmanser3c
3325,15,68.86,290.2,78,2018-02-03,0,--ajeannaudl2
3326,5,352.66,434.1,7,2019-06-14,1,--jdowryn4
3327,4,118.37,156.5,25,2018-09-06,0,--gnorrien3
3328,8,395.87,67.5,94,2020-03-06,0,--jpeet6w
3329,13,44.66,262.5,68,2018-03-20,0,--hlimprecht5k
3330,8,388.79,116.4,1,2017-12-26,1,--ptaks4t
3331,10,48.73,245.1,29,2018-07-17,1,--nloftya9
3332,10,907.57,346.2,12,2018-03-24,0,--nclowsleyf1
3333,11,26.08,211.0,92,2018-01-15,0,--askehensen
3334,6,786.3,471.6,1,2020-05-22,0,--kpesekoc
3335,3,323.2,492.4,25,2019-06-11,1,--rmulqueeny1j
3336,20,891.48,323.1,55,2017-08-04,0,--deastcottfb
3337,3,583.86,125.2,14,2019-01-03,0,--lwhitworthps
3338,15,679.07,339.6,98,2018-05-28,0,--abridgewateree
3339,11,172.84,79.7,88,2018-05-14,0,--jdanilenkob
3340,16,319.83,456.0,75,2018-09-17,1,--blabrohi
3341,16,243.81,388.4,7,2017-11-25,1,--glotheringtonmx
3342,11,736.52,71.6,88,2019-10-27,1,--towensona
3343,5,713.63,294.7,59,2017-09-19,1,--svanrembrandt8l
3344,10,785.34,388.8,98,2018-11-28,0,--darberac
3345,19,534.27,324.2,97,2017-10-26,1,--hstonbridged
3346,4,485.19,428.5,13,2017-09-11,1,--mjarritt80
3347,18,36.2,348.5,62,2018-06-23,0,--tdeveroseri
3348,20,894.52,467.3,63,2018-04-17,1,--rcumpsty1g
3349,1,343.51,39.8,80,2018-02-26,0,--eduddridgemw
3350,3,320.78,239.9,12,2018-12-20,1,--ecamolettopg
3351,17,768.7,232.2,72,2020-05-10,1,--nyerbornb6
3352,16,518.45,149.4,42,2017-09-09,0,--gdougheran
3353,10,365.18,414.2,96,2018-02-20,1,--rbakeyn7
3354,18,557.54,221.7,15,2018-06-14,0,--bwildsmithcv
3355,8,878.62,55.4,28,2018-09-09,0,--rdeschlein6s
3356,4,918.19,57.0,56,2018-11-03,0,--sbasnettfi
3357,5,800.64,405.8,63,2018-01-03,1,--fderyebarrettfn
3358,7,996.44,294.7,69,2018-06-10,0,--jdanilenkob
3359,17,603.11,209.8,7,2019-04-29,0,--vmcgettrick9c
3360,1,17.22,439.4,66,2017-12-11,1,--llewtyk8
3361,3,626.25,419.2,10,2018-11-09,1,--rberkab5
3362,17,202.11,417.4,5,2019-08-01,0,--dboxhillcn
3363,20,876.5,166.8,45,2018-12-04,0,--rbisley33
3364,9,185.08,61.1,43,2019-05-26,0,--rbraishern6
3365,5,500.4,415.9,29,2018-04-25,1,--mtakos19
3366,17,247.09,354.5,40,2017-08-25,0,--mocannankq
3367,14,145.08,162.0,80,2019-06-06,0,--atremblot90
3368,7,835.21,407.9,40,2017-09-11,0,--nmcasgill4d
3369,16,635.38,258.5,2,2017-10-11,1,--abridgewateree
3370,14,974.49,64.7,72,2018-01-22,1,--jmoirha
3371,8,769.89,454.2,35,2019-07-14,1,--rsedgwickly
3372,13,133.2,300.8,22,2019-10-22,0,--rthewlisqp
3373,13,736.78,445.3,46,2018-04-13,1,--fderyebarrettfn
3374,8,137.1,13.0,1,2018-01-27,0,--kthirlwellbp
3375,19,359.62,312.0,100,2017-08-19,1,--wgodferynj
3376,2,778.48,43.3,67,2018-01-13,0,--watrillmi
3377,20,318.97,136.9,77,2019-03-28,0,--spymmeo
3378,19,952.19,207.7,100,2019-05-18,1,--nlarchiere8d
3379,15,916.23,122.3,63,2017-10-15,0,--pdaaloi
3380,15,644.26,128.1,74,2018-12-04,1,--jpedrolfs
3381,4,968.04,242.2,29,2018-08-21,0,--mswanborrowfp
3382,16,345.95,34.6,44,2019-02-21,1,--nclowsleyf1
3383,7,733.1,128.9,31,2017-12-29,0,--idenizet5g
3384,5,926.4,321.1,82,2019-09-10,1,--tkimbrough5e
3385,15,619.48,359.9,22,2018-01-29,0,--zrivittjb
3386,7,793.66,188.5,39,2019-05-30,0,--xguinanehg
3387,19,963.83,409.7,30,2018-10-29,0,--rgreenliesdo
3388,18,664.13,337.3,100,2018-10-28,1,--gjaradek
3389,6,998.15,202.6,6,2019-09-17,0,--rerangyj2
3390,16,189.1,384.6,0,2018-03-11,0,--tclarager8
3391,13,350.93,342.0,35,2019-03-11,1,--fcolbertson2g
3392,12,548.35,134.9,83,2018-04-07,1,--wmottinik9
3393,19,472.81,328.1,53,2017-12-06,0,--abranton8v
3394,10,744.14,332.6,69,2018-09-29,0,--lrulera4
3395,3,101.58,217.4,64,2018-04-05,1,--jpeet6w
3396,4,824.72,101.1,82,2018-06-01,1,--qsavild0
3397,12,20.05,290.8,52,2019-10-18,0,--nalexandrescuho
3398,6,570.5,428.5,45,2019-10-09,1,--bscaleralq
3399,11,613.9,127.8,68,2018-07-09,1,--ffoskenke
3400,14,378.93,283.4,13,2018-03-12,1,--gbeltmk
3401,4,199.54,401.7,18,2018-03-16,1,--cliebg8
3402,8,807.53,461.3,61,2018-01-08,0,--jlowisl8
3403,7,774.94,238.3,19,2017-11-04,1,--jdowryn4
3404,20,204.78,209.9,71,2020-04-03,0,--gscahillad
3405,17,27.14,272.5,19,2017-10-30,1,--lbirtleypc
3406,3,520.8,414.2,74,2018-05-09,1,--gcobbalddz
3407,13,738.47,126.8,81,2019-02-03,1,--wgodferynj
3408,10,555.82,117.8,5,2019-02-02,1,--gpoundesford35
3409,18,912.14,131.2,82,2019-02-23,1,--tsobeyiq
3410,13,905.83,172.6,59,2019-08-27,1,--mocannankq
3411,2,190.97,42.6,3,2019-05-30,1,--yiashvilio1
3412,13,605.32,314.7,66,2018-05-21,0,--sheadey2w
3413,14,348.07,18.5,17,2020-02-04,1,--rwebsterck
3414,19,127.91,110.2,84,2017-12-05,1,--egreberkm
3415,10,221.3,471.4,11,2019-01-27,0,--bmullingerag
3416,7,252.55,309.5,7,2020-02-16,0,--tlifejr
3417,1,137.84,26.5,3,2017-12-29,0,--reilhermanni0
3418,20,832.39,123.2,22,2018-09-06,0,--brimbaultqs
3419,11,456.17,233.3,42,2018-04-23,1,--uclaesenshe
3420,10,934.65,208.3,43,2019-02-23,0,--bbuttnerfj
3421,2,51.35,190.0,10,2020-05-16,0,--jnapoleonf2
3422,19,520.61,172.0,74,2019-12-03,0,--tbraunsteinj7
3423,2,294.28,69.9,14,2018-03-21,1,--sfrayjg
3424,14,875.2,74.5,78,2019-11-21,1,--bgilbert3r
3425,3,297.96,456.9,46,2018-03-21,0,--mbrokenshawim
3426,20,710.0,337.9,21,2019-01-27,0,--tlongman3v
3427,1,299.73,89.8,21,2020-01-01,1,--elees56
3428,14,200.52,99.3,54,2019-08-12,1,--dtisor8g
3429,17,235.18,414.2,24,2017-10-29,1,--nbramwich89
3430,2,113.69,440.2,5,2017-08-31,1,--eburgin4n
3431,14,317.12,257.0,22,2019-03-15,0,--ajackett5o
3432,4,433.14,405.7,74,2019-02-19,1,--ashanleyh1
3433,6,597.79,365.6,21,2018-06-17,1,--edraxfordrf
3434,13,834.19,339.8,39,2017-09-10,0,--scaslettfx
3435,17,699.08,141.6,39,2019-08-13,1,--rhawthorn17
3436,9,998.53,195.6,49,2019-07-11,1,--arodwellki
3437,9,858.67,94.6,55,2018-12-28,0,--bjewitt2i
3438,15,475.95,233.5,35,2019-03-09,0,--gpinockgs
3439,4,663.9,374.4,94,2019-08-04,0,--bbarltrop7s
3440,19,86.63,210.1,21,2019-05-26,0,--lforsterde
3441,9,845.18,351.8,87,2018-05-09,0,--kashburnerjo
3442,6,24.43,243.4,48,2018-03-31,0,--tsobeyiq
3443,7,544.21,431.2,50,2018-11-09,0,--ecamolettopg
3444,5,983.6,33.6,51,2019-06-06,0,--acallfjf
3445,18,75.68,495.2,49,2019-07-15,1,--ncrofts36
3446,12,490.73,164.0,84,2019-04-08,0,--rrateg6
3447,13,10.88,222.3,49,2018-01-18,1,--tmahonyaz
3448,9,380.14,150.3,42,2018-04-16,1,--hclewesrh
3449,3,761.36,424.5,100,2020-01-29,1,--rcrossbyfk
3450,8,47.92,199.8,44,2017-08-04,0,--strodden9r
3451,8,982.59,371.0,76,2018-05-07,1,--mtipensix
3452,20,130.27,68.6,77,2017-12-02,1,--iwellsteadit
3453,1,431.59,176.2,97,2017-09-23,0,--rcrossbyfk
3454,7,861.05,172.9,4,2018-11-17,1,--rbraishern6
3455,12,42.87,255.7,24,2018-11-21,1,--taskamnr
3456,15,851.3,329.6,21,2019-10-08,1,--jcappell67
3457,18,652.32,340.6,45,2020-02-17,0,--jgavanz
3458,13,997.12,147.3,65,2018-07-14,0,--nbedleew
3459,16,830.08,306.5,58,2017-08-08,1,--jstickels8o
3460,4,776.71,213.5,84,2018-08-06,0,--kdeldelloey
3461,19,451.45,104.7,36,2019-08-10,0,--ltresvinapv
3462,1,578.83,271.3,38,2020-01-16,1,--amincher77
3463,17,570.11,99.3,44,2019-11-24,0,--mmorfordgw
3464,5,943.42,147.2,99,2019-04-27,0,--dreedyhough81
3465,1,86.26,212.1,62,2019-04-20,0,--scroppmg
3466,17,349.08,246.2,98,2018-05-12,0,--nkelleyjz
3467,8,985.13,14.9,28,2019-08-11,1,--gpavett7u
3468,8,773.75,229.0,30,2018-06-29,0,--kseydlitzhz
3469,14,457.75,253.1,6,2018-08-18,1,--emoyes1w
3470,11,915.45,306.2,5,2018-04-14,1,--gbiaggettiio
3471,18,808.33,105.0,49,2017-10-10,0,--ckertonlm
3472,6,339.19,491.5,85,2019-05-14,1,--pdaaloi
3473,9,945.93,488.0,87,2018-11-28,0,--sfrewmd
3474,9,633.12,326.9,30,2019-11-17,0,--kbrasono5
3475,20,593.21,120.4,34,2018-04-28,0,--emcdowell1l
3476,11,917.07,70.8,29,2018-10-28,0,--amitroshinov1i
3477,20,502.8,379.1,2,2018-03-21,1,--spestridgeq2
3478,17,916.82,155.3,93,2018-04-08,0,--mhemeretj4
3479,20,147.63,260.7,83,2018-08-30,1,--vmcgettrick9c
3480,8,151.6,152.1,9,2019-08-31,0,--cnaccif5
3481,8,51.84,157.4,71,2018-08-30,0,--tbraunsteinj7
3482,17,308.99,322.6,77,2019-01-28,1,--pdaaloi
3483,14,216.42,11.8,60,2019-05-12,0,--jstrussba
3484,10,413.47,182.4,61,2017-09-03,1,--mchimes8n
3485,4,702.29,102.0,61,2018-07-11,0,--pbingee
3486,13,885.97,270.0,0,2019-03-20,1,--tcasford58
3487,10,371.75,149.8,99,2018-06-04,1,--ibearsmore99
3488,7,973.63,194.5,92,2017-09-05,1,--rhymanslp
3489,1,752.98,337.7,58,2019-06-23,0,--afackney8r
3490,13,897.36,188.7,61,2018-03-17,1,--cfeenylw
3491,13,956.83,31.2,63,2019-08-14,0,--nstanboroughj3
3492,15,657.15,85.1,82,2019-05-30,0,--joriordan9x
3493,19,148.64,330.1,32,2018-06-24,1,--rpeasee5t
3494,2,421.39,453.9,79,2018-11-27,1,--gskotcher9d
3495,20,76.29,56.0,72,2018-07-14,0,--osmoughtonrl
3496,11,941.16,414.3,97,2018-10-01,0,--rmulqueeny1j
3497,18,670.52,136.5,70,2019-05-07,1,--tsamwayesp6
3498,1,593.72,487.9,7,2018-10-04,0,--nrosiekj
3499,11,275.01,478.4,56,2017-10-30,1,--lmeachan4i
3500,2,805.45,36.4,90,2020-01-05,0,--gnoltonfy
3501,13,849.75,251.9,90,2018-05-14,0,--jpedrolfs
3502,15,163.52,472.5,80,2017-11-06,1,--msulleyms
3503,17,501.46,229.3,7,2020-02-10,1,--enozzoliniing
3504,4,379.38,270.2,4,2019-12-01,0,--edickeyfo
3505,20,346.33,83.0,30,2018-02-04,1,--tlifejr
3506,17,710.35,173.3,95,2019-11-24,0,--espadarigl
3507,11,823.78,185.4,90,2019-11-04,1,--mkeneleyside3
3508,1,645.2,370.7,73,2018-10-03,1,--bgrunsonr2
3509,17,432.75,218.1,28,2019-02-19,1,--sconneely9n
3510,16,753.67,338.3,8,2017-08-22,1,--eswinfenhw
3511,14,454.58,391.3,69,2019-10-15,0,--gjaradek
3512,5,19.54,304.2,70,2018-05-12,0,--ghalshawjx
3513,14,49.53,390.8,69,2017-09-09,0,--ebedsonrp
3514,5,547.03,192.1,22,2019-07-27,1,--tclarager8
3515,6,135.18,35.3,51,2017-12-16,1,--olysaght1t
3516,11,641.67,483.8,52,2020-02-21,0,--cliebg8
3517,1,967.84,333.0,34,2020-01-22,0,--achrispinf3
3518,1,950.34,117.8,69,2020-03-30,0,--lbibbiens
3519,10,730.0,418.7,90,2018-08-21,0,--ijodrellehk
3520,11,825.45,89.3,63,2018-09-08,1,--rbubeer4y
3521,17,520.98,14.1,4,2019-05-09,0,--medgin5
3522,6,29.33,399.1,83,2019-11-07,1,--cliebg8
3523,19,222.74,303.2,65,2017-11-22,1,--dbirkmyrcp
3524,11,801.61,32.7,10,2019-07-09,1,--kstubbertn1
3525,15,640.02,124.9,25,2017-09-17,1,--mmeldrum3x
3526,12,674.93,411.6,21,2018-06-12,0,--tlamashf
3527,19,916.5,229.6,63,2018-08-29,0,--itrew87
3528,5,268.25,145.7,59,2019-11-23,1,--gbiaggettiio
3529,6,383.99,244.5,56,2018-08-23,1,--gbiaggettiio
3530,7,332.88,494.2,34,2018-11-08,0,--mrubenovrb
3531,7,644.96,213.0,93,2019-07-21,0,--ndudenie9o
3532,9,24.61,18.8,10,2018-10-26,0,--twooddissenu
3533,19,428.83,203.5,59,2019-11-05,1,--lstainsam
3534,14,576.5,22.6,89,2018-02-24,0,--jpedrolfs
3535,4,144.38,256.6,40,2019-02-22,1,--scorteney6a
3536,12,858.23,442.6,99,2019-09-17,1,--kdullingham2y
3537,18,645.95,82.5,76,2018-01-14,0,--grickwood5a
3538,18,421.23,122.5,79,2019-09-26,1,--lkilbane28
3539,16,561.88,256.3,50,2017-12-23,0,--bgilbert3r
3540,15,307.83,475.7,42,2020-04-08,0,--cobeneyqy
3541,18,570.62,221.9,70,2018-03-19,0,--mjephsonbr
3542,12,775.48,451.6,19,2019-03-16,1,--cjubb9
3543,1,401.03,479.5,36,2019-11-02,0,--aairton74
3544,9,360.25,197.6,65,2017-08-19,0,--hphilipeauxi5
3545,14,302.15,165.9,74,2018-01-27,0,--abriskey6n
3546,4,97.97,273.5,100,2018-04-27,1,--whanwrightme
3547,7,934.2,128.6,29,2020-05-10,0,--tbalderston2n
3548,4,175.2,199.9,42,2020-02-04,1,--lmatyushonoknh
3549,8,87.45,183.8,93,2019-09-16,1,--escoonbo
3550,10,448.36,129.9,78,2020-03-01,1,--olampert76
3551,14,650.54,265.1,47,2019-01-19,1,--pwhittick9t
3552,7,510.69,117.4,99,2018-12-04,1,--rheinschkee0
3553,7,769.16,72.2,49,2018-12-19,1,--mbuxseye7
3554,18,717.72,378.1,98,2017-09-08,0,--tsimpkiss6x
3555,20,503.06,69.7,15,2017-10-06,0,--eirving1b
3556,19,954.28,370.6,42,2019-05-03,1,--hmarchingtonq4
3557,6,240.67,242.6,3,2019-11-20,0,--ubabbagef7
3558,17,571.78,262.9,50,2020-02-10,1,--atitford4p
3559,4,721.46,459.3,0,2018-06-21,1,--tciobutaruqo
3560,7,933.14,427.5,97,2018-04-04,1,--hledbetter7c
3561,9,410.2,78.7,65,2020-02-25,0,--lslanec3
3562,12,908.21,119.4,50,2017-09-10,0,--csouthonfu
3563,14,388.28,94.5,75,2018-11-09,1,--dcringleju
3564,7,207.77,180.9,56,2018-08-25,0,--pinnerstone7b
3565,13,223.85,319.3,46,2019-04-11,1,--fudellij
3566,14,988.23,138.0,17,2019-10-20,0,--lhambidgec5
3567,8,937.92,335.7,28,2019-01-13,0,--olampert76
3568,6,60.72,248.3,46,2020-02-11,1,--bpennicotte1
3569,17,98.31,458.9,64,2019-02-09,1,--dreinmarc8
3570,17,918.43,173.8,81,2019-06-29,1,--mtakos19
3571,12,827.36,125.1,36,2020-05-05,1,--edevita47
3572,10,366.66,392.3,38,2018-10-02,0,--sfrayjg
3573,5,740.19,131.9,66,2019-05-23,0,--rpogosiankw
3574,14,366.05,95.8,37,2019-04-17,1,--jgudgin6b
3575,6,412.71,469.0,89,2019-04-12,0,--alaity7v
3576,11,246.26,224.8,28,2019-02-23,1,--rbakeyn7
3577,4,562.81,196.1,57,2019-03-28,0,--bhawyesm8
3578,3,824.34,296.3,11,2018-03-16,0,--edickeyfo
3579,4,293.91,445.1,87,2017-11-25,1,--tgresteqb
3580,8,701.05,491.8,82,2020-01-13,1,--kthirlwellbp
3581,10,851.25,359.3,12,2018-08-04,0,--smathieson8z
3582,6,219.94,15.0,21,2018-03-21,1,--tbaudreykr
3583,12,606.51,169.2,49,2019-05-29,1,--arommei3
3584,13,710.13,419.7,63,2019-03-30,0,--emcreidyqg
3585,6,452.28,65.5,0,2017-10-12,1,--lropek3
3586,13,676.44,212.9,60,2018-09-18,0,--kcristofolr5
3587,9,967.25,400.5,98,2019-12-29,0,--yfaireykv
3588,20,886.0,217.8,89,2018-01-19,1,--eparlour45
3589,20,96.11,165.3,78,2018-05-09,1,--edickeyfo
3590,7,751.21,181.5,58,2019-01-23,1,--kcristofolr5
3591,20,709.66,184.2,36,2018-02-21,1,--aarchleyir
3592,3,269.12,302.6,66,2018-08-17,1,--mathersmith3z
3593,12,856.65,16.7,67,2019-02-16,1,--igoneym5
3594,13,130.08,280.1,48,2019-04-14,1,--jrankinpr
3595,9,863.89,194.0,56,2018-03-04,1,--lcelez7k
3596,2,518.61,151.1,24,2020-01-03,0,--charden8f
3597,6,630.92,383.6,34,2019-10-25,0,--cobeneyqy
3598,19,748.8,245.0,15,2019-11-28,1,--cdalligand9
3599,15,281.73,447.6,14,2018-04-23,1,--jcanadasfq
3600,16,111.38,159.4,53,2019-10-25,0,--bsteagallgc
3601,19,744.95,301.1,53,2017-11-19,1,--rblakeleynp
3602,1,435.7,272.4,46,2018-02-09,0,--tgerbelo7
3603,11,948.77,394.5,89,2019-04-06,0,--mhenner64
3604,18,938.3,89.9,26,2018-03-30,1,--cpetran5r
3605,10,134.31,399.0,70,2019-09-21,1,--sschubart16
3606,9,873.52,335.1,49,2019-08-31,0,--tbeeching9s
3607,16,243.0,124.6,72,2018-03-26,1,--ofairleighhs
3608,14,619.97,325.6,96,2019-01-06,0,--ekleiserb7
3609,10,906.72,175.4,65,2018-04-20,1,--fodohertyhb
3610,5,567.84,318.2,69,2019-03-08,1,--vrasoriw
3611,19,730.29,393.7,14,2019-05-21,0,--lpingstonelt
3612,5,372.45,93.7,25,2018-04-09,0,--mstrettlei6
3613,1,904.01,10.2,88,2018-11-28,1,--dfanceo0
3614,17,540.38,344.3,48,2017-11-29,0,--kpesekoc
3615,15,696.63,401.5,46,2018-03-18,1,--pinnerstone7b
3616,7,197.03,161.3,62,2018-09-06,0,--rheinschkee0
3617,5,833.37,206.5,80,2017-09-19,0,--mmachostiefr
3618,7,855.63,454.7,73,2019-09-30,0,--gkesterton23
3619,10,825.78,248.5,66,2019-07-28,0,--sdatnc
3620,10,690.5,454.4,58,2018-07-21,0,--pastupenas6h
3621,3,298.07,123.3,93,2018-06-26,0,--rlucas69
3622,4,722.49,319.2,35,2020-05-05,1,--ggivensfm
3623,15,572.94,450.5,39,2020-04-28,1,--apennockdu
3624,11,525.85,493.2,81,2017-10-30,1,--mmerlefc
3625,5,783.49,384.9,87,2017-08-19,0,--slehr22
3626,11,730.65,91.9,30,2019-03-29,1,--isibillee6
3627,14,644.48,360.9,71,2017-10-09,0,--fsycamorepb
3628,11,195.11,336.2,77,2019-04-11,0,--tnultykf
3629,17,649.21,16.4,40,2019-05-23,0,--tfawcettc1
3630,2,326.3,152.5,81,2017-10-30,0,--aboothb8
3631,13,682.16,24.5,68,2018-02-23,0,--gbeltmk
3632,19,932.49,58.9,8,2020-01-07,1,--esendallja
3633,2,821.91,298.4,86,2019-12-02,1,--enicol4g
3634,7,578.74,256.5,71,2017-08-10,0,--ebedsonrp
3635,2,772.04,394.8,16,2020-03-26,1,--gjustis8t
3636,13,710.15,308.2,44,2017-11-16,1,--fharrowsmith4v
3637,14,624.58,232.1,37,2020-04-26,0,--gsherrellok
3638,10,658.5,339.3,34,2019-01-13,0,--aolivacu
3639,13,623.31,53.0,36,2018-07-27,1,--ldemicolik5
3640,20,422.56,261.0,89,2018-11-16,1,--trawling9k
3641,8,703.22,195.9,35,2018-06-21,0,--bhartly62
3642,4,73.38,219.9,64,2018-04-30,1,--mhenner64
3643,5,742.15,456.3,28,2018-10-26,0,--gfinlanmp
3644,1,181.64,268.8,84,2020-01-16,0,--aoshevlin4x
3645,4,17.93,482.8,71,2020-03-03,0,--wgodferynj
3646,11,393.69,95.1,64,2020-03-06,1,--strodden9r
3647,18,637.6,294.7,8,2019-03-19,0,--igoneym5
3648,15,694.4,380.9,71,2018-07-18,0,--tsissoner
3649,15,810.73,136.8,62,2019-08-23,0,--lslanec3
3650,14,802.17,193.9,63,2017-08-08,1,--gelliotjm
3651,18,311.63,323.6,61,2018-12-20,0,--rbarlass78
3652,9,901.42,160.8,88,2017-12-24,0,--sofogertyoy
3653,2,879.49,421.7,98,2019-08-17,1,--rhawthorn17
3654,12,854.42,207.1,38,2019-02-01,0,--eingergk
3655,16,304.66,156.4,24,2018-05-18,0,--cvasilischev10
3656,3,979.34,10.4,90,2018-11-05,0,--mtipensix
3657,10,326.0,13.8,50,2019-06-15,1,--rrandallqx
3658,20,952.54,399.9,23,2018-07-23,0,--pschukert2m
3659,2,602.49,435.7,59,2020-04-16,0,--ecaddanbi
3660,17,510.36,59.0,32,2018-03-09,1,--rlucas69
3661,13,214.19,345.3,15,2020-02-06,1,--wgrundonej
3662,16,818.18,72.6,75,2019-09-10,0,--motson7e
3663,17,569.27,342.7,21,2019-02-19,0,--tboodle7q
3664,12,765.21,359.1,32,2019-07-28,1,--dbrastedpi
3665,10,455.89,466.3,33,2020-01-12,1,--fflacke1a
3666,2,651.02,496.9,41,2018-05-14,1,--wmathew3n
3667,15,385.29,43.2,69,2018-07-08,1,--bfuentept
3668,14,969.01,220.7,25,2019-09-27,0,--spymmeo
3669,19,351.79,419.1,39,2019-02-26,1,--skacheler42
3670,6,993.22,308.9,78,2018-07-07,1,--gtomkinhn
3671,10,654.02,233.1,18,2019-04-08,0,--vsneddonmz
3672,11,968.76,186.5,67,2020-04-25,1,--obessell4m
3673,9,688.03,499.9,12,2019-08-18,0,--gsamweyesq7
3674,1,864.61,133.5,11,2020-01-07,1,--tlindro6v
3675,10,560.16,52.2,5,2019-03-31,0,--amckall94
3676,2,602.81,203.1,20,2019-10-08,1,--kjanoschekmr
3677,8,211.81,78.2,75,2018-06-29,1,--iwellsteadit
3678,1,558.14,39.3,62,2019-06-17,0,--hswidenbanko2
3679,5,735.22,471.6,62,2019-11-05,1,--rsearightia
3680,10,746.93,125.1,41,2019-06-02,0,--lbeecrafti4
3681,12,432.0,46.4,76,2018-05-19,0,--leadmead60
3682,6,713.44,215.1,25,2018-03-16,1,--twooddissenu
3683,6,198.4,21.5,93,2019-07-19,1,--ktreadwellar
3684,17,492.03,327.8,51,2018-07-23,1,--mgairkl
3685,17,597.92,152.7,66,2019-02-24,0,--jclell1s
3686,4,52.92,127.8,94,2020-04-21,1,--kjanoschekmr
3687,6,461.57,322.0,22,2018-06-07,0,--tdeveroseri
3688,13,161.27,98.6,90,2018-11-06,1,--cricht8m
3689,8,630.65,352.2,25,2018-08-27,0,--dfanceo0
3690,3,326.89,242.5,23,2018-08-21,0,--ekleiserb7
3691,5,781.12,278.0,73,2017-12-13,1,--sricharson95
3692,1,550.15,201.7,86,2019-10-29,1,--bjewitt2i
3693,15,300.28,119.0,55,2019-12-07,1,--emacparlan8c
3694,5,257.72,338.8,48,2018-07-20,1,--mkillimisterqn
3695,13,970.21,299.2,3,2018-10-30,0,--amcevoyqa
3696,1,944.0,268.6,15,2017-10-25,1,--amcwhinney7i
3697,12,249.85,396.5,80,2017-12-25,1,--lgaitung6k
3698,2,991.46,206.7,5,2019-11-07,1,--nlarchiere8d
3699,4,908.04,42.4,12,2018-11-26,0,--gpinockgs
3700,5,395.59,235.7,71,2019-11-05,1,--ddavidovitsbs
3701,7,168.94,105.9,53,2020-01-08,0,--afrithdc
3702,14,297.65,243.1,10,2019-05-06,1,--grickwood5a
3703,19,119.15,437.1,31,2017-08-28,1,--bkeinratab
3704,20,680.48,389.9,68,2017-09-09,1,--sczajka9z
3705,4,245.0,108.6,55,2019-09-09,0,--olampert76
3706,14,877.65,123.9,59,2017-11-07,0,--ltybalt8b
3707,17,592.23,176.8,36,2017-12-14,0,--fodohertyhb
3708,11,35.77,307.1,32,2019-01-09,1,--rdamatoep
3709,2,493.3,40.2,73,2019-01-22,0,--rminchentonf9
3710,11,959.13,119.3,62,2019-01-08,1,--kboffey5s
3711,5,668.3,32.9,92,2018-01-16,0,--idenizet5g
3712,13,914.44,340.8,45,2018-12-05,1,--hhitchens4a
3713,8,647.88,324.0,29,2019-09-18,0,--mrubenovrb
3714,1,70.8,437.9,30,2018-09-03,0,--eauchterlonym0
3715,19,503.09,303.5,13,2018-12-01,0,--fparnabyjc
3716,3,288.33,403.1,27,2019-09-06,0,--rmasedonjt
3717,2,817.42,431.3,50,2018-06-05,1,--mfurnellnq
3718,2,221.03,196.1,88,2020-01-17,1,--dpace5h
3719,19,74.78,145.4,12,2018-03-10,0,--pjordansonkz
3720,16,42.36,358.8,39,2017-08-28,0,--awoontonv
3721,7,873.18,289.2,55,2019-05-09,0,--adanaharpy
3722,3,30.49,212.3,13,2019-10-14,1,--ibennedickr
3723,15,459.76,87.2,23,2018-08-27,0,--dnanniniqi
3724,11,767.68,127.1,27,2019-11-29,0,--brathbourneu
3725,7,908.07,278.7,13,2019-12-20,1,--mdannatte5
3726,19,338.1,238.9,44,2018-04-03,0,--jstickels8o
3727,7,947.11,274.7,33,2017-09-24,0,--codooley5m
3728,5,790.58,158.3,89,2018-07-05,0,--ayorkby
3729,17,492.94,253.6,49,2019-09-03,0,--jlembke43
3730,13,496.09,94.8,28,2019-04-01,0,--afillanb9
3731,13,237.89,146.1,17,2018-10-03,1,--gskotcher9d
3732,11,639.02,62.5,2,2019-07-22,1,--brathbourneu
3733,19,841.26,429.3,58,2019-07-05,1,--cgricekk
3734,9,941.48,20.5,27,2019-12-14,1,--mlaxstonfd
3735,18,994.39,71.7,31,2019-09-29,1,--cwyllcock14
3736,14,571.61,173.4,49,2018-10-07,1,--csimkovichh3
3737,7,402.43,218.1,71,2017-12-24,1,--eswinfenhw
3738,11,44.8,303.8,70,2018-11-30,0,--gpinockgs
3739,2,76.1,218.3,87,2018-07-10,1,--pcrucitti68
3740,8,691.3,150.1,22,2018-05-13,1,--ncrasswellfz
3741,2,573.71,84.6,57,2018-02-23,1,--jannattrd
3742,10,233.56,429.6,0,2019-11-01,0,--maucutt1n
3743,13,10.83,295.7,60,2020-02-28,0,--bdeeganhx
3744,18,246.69,283.8,11,2017-09-14,0,--smalek1f
3745,3,945.74,305.0,49,2020-05-04,0,--gnorrien3
3746,9,266.04,429.4,82,2019-04-30,1,--tmccoughanl4
3747,9,10.22,237.0,75,2019-05-04,0,--maichesonkt
3748,6,810.94,190.5,49,2017-11-23,1,--tgreswellay
3749,3,755.91,488.1,14,2020-01-09,1,--emcdowell1l
3750,2,354.11,452.3,17,2019-10-17,1,--walthropeu
3751,2,917.13,358.3,46,2017-12-27,1,--lyerbornmh
3752,13,397.11,93.9,26,2018-01-22,0,--mocrowleyh4
3753,3,610.76,229.7,85,2018-09-22,0,--rerangyj2
3754,18,166.19,461.4,55,2018-05-20,1,--olampert76
3755,15,487.55,372.4,44,2019-12-19,1,--pevershedka
3756,15,491.38,151.8,6,2019-12-18,0,--lbackenet
3757,13,610.36,408.5,3,2018-01-21,1,--btwinbornek2
3758,7,789.12,237.7,24,2018-06-26,0,--cstoltz4r
3759,2,177.54,406.6,85,2018-11-25,0,--cpetran5r
3760,16,898.45,62.2,24,2017-11-12,0,--mbrokenshawim
3761,17,734.56,430.1,13,2019-10-04,1,--gbeltmk
3762,7,52.14,267.4,68,2018-10-07,1,--dkovacs2x
3763,12,455.41,89.2,35,2019-12-19,0,--kportail70
3764,1,174.01,250.2,47,2018-06-19,0,--amckall94
3765,19,72.37,26.8,61,2018-07-12,1,--jlovemorehj
3766,17,794.83,44.7,61,2018-03-04,0,--ksowle96
3767,2,621.02,252.4,64,2018-05-12,0,--bsavillav
3768,3,502.26,295.4,15,2019-03-04,0,--tbaudreykr
3769,18,325.85,62.8,81,2019-08-12,1,--nparkinsonph
3770,13,207.95,329.1,28,2019-04-05,1,--nalexandrescuho
3771,11,932.15,488.2,63,2019-01-08,1,--mtakos19
3772,16,234.82,448.2,98,2020-03-31,1,--ckingswold5p
3773,12,383.9,460.6,40,2017-12-08,1,--jaleksicro
3774,1,97.35,292.2,17,2020-04-24,1,--apeardech
3775,12,417.85,183.1,38,2018-12-30,1,--aadawayql
3776,19,707.87,189.5,74,2018-08-23,0,--dconninghamky
3777,1,956.58,231.3,90,2018-05-31,1,--drosp3
3778,16,950.11,245.8,7,2018-06-07,0,--sfergysonao
3779,3,431.89,79.4,2,2019-04-15,0,--utryeeq
3780,12,374.18,239.1,89,2018-10-25,1,--tdemendoza8
3781,7,375.57,240.7,86,2018-11-05,1,--askakunasor
3782,19,342.33,321.1,22,2020-04-03,1,--rbillin6m
3783,12,109.72,153.0,25,2020-01-10,1,--scrowchh8
3784,8,68.52,192.8,3,2019-02-08,1,--dhavileax
3785,7,992.54,301.9,14,2019-06-18,0,--mtakos19
3786,14,804.76,84.1,36,2019-02-15,1,--hsykorabe
3787,2,950.65,243.2,29,2018-10-20,0,--alackmann8k
3788,3,670.25,51.4,77,2018-08-09,1,--pmolloya8
3789,20,62.75,490.2,16,2019-05-05,1,--snowill4h
3790,19,61.75,31.2,75,2017-10-08,1,--ggaffneyap
3791,11,825.38,146.2,31,2020-01-18,1,--cchatterisjp
3792,15,734.07,462.7,46,2019-11-16,0,--ebedsonrp
3793,7,414.11,408.3,69,2019-07-17,1,--rmityashevpq
3794,10,302.65,379.6,48,2017-09-03,0,--atorettagd
3795,12,872.32,254.2,50,2018-07-21,0,--tbalderston2n
3796,14,854.61,403.2,51,2019-02-09,1,--fparnabyjc
3797,18,543.99,477.7,77,2017-12-26,0,--trivallantk0
3798,19,508.32,428.5,20,2018-07-21,0,--tmccoughanl4
3799,1,947.98,67.6,76,2017-11-22,0,--bwolters7l
3800,11,27.81,205.6,28,2017-12-10,0,--twooddissenu
3801,7,312.82,367.7,25,2018-04-12,0,--pbingee
3802,14,764.84,414.1,60,2019-07-08,1,--hwinterdi
3803,14,230.94,426.6,6,2018-08-11,1,--dbynehu
3804,4,855.09,485.5,42,2018-02-15,0,--cobeneyqy
3805,3,955.24,220.9,53,2020-05-10,0,--cloudwellpk
3806,1,406.89,299.2,74,2018-01-01,1,--msmiz9e
3807,17,754.3,226.8,58,2020-02-12,1,--leadmead60
3808,11,671.86,53.7,85,2019-08-25,0,--ncrasswellfz
3809,3,779.77,318.3,49,2019-07-26,1,--sfergysonao
3810,16,470.95,372.3,74,2019-07-15,0,--dwillcocks6j
3811,16,931.15,405.3,89,2017-11-10,0,--cbrandenburgrn
3812,17,11.88,161.6,78,2018-07-18,1,--fdanelet30
3813,11,746.8,377.6,42,2019-06-16,1,--dpennuzzi6i
3814,5,387.68,299.6,51,2019-01-25,0,--tfatscher66
3815,4,638.93,91.8,9,2018-01-17,0,--cgurnerr1
3816,7,105.64,128.7,70,2019-04-11,0,--gkennedydr
3817,18,598.95,154.1,97,2017-08-12,0,--jlowisl8
3818,1,335.2,310.4,31,2020-05-13,1,--gfinlanmp
3819,3,665.3,324.9,12,2018-04-16,1,--kcristofolr5
3820,19,889.89,32.6,20,2018-06-06,0,--syashunin2f
3821,10,97.13,67.2,12,2018-09-14,1,--afooterbf
3822,2,885.3,96.5,28,2019-08-24,1,--kpesekoc
3823,20,43.27,344.8,27,2018-07-21,0,--eauchterlonym0
3824,1,725.13,35.7,10,2019-04-08,1,--shundeyj
3825,20,817.2,399.9,2,2019-01-02,1,--jlovemorehj
3826,16,408.88,237.3,44,2018-03-09,0,--ssnowballqv
3827,7,418.81,180.5,44,2018-10-03,0,--rhawthorn17
3828,19,235.25,408.8,20,2020-05-10,0,--nmcasgill4d
3829,3,88.83,470.9,49,2019-09-26,0,--btwinbornek2
3830,11,568.11,43.6,54,2017-09-17,1,--kmerryweatherct
3831,16,638.19,330.8,6,2017-09-08,0,--schestnuttmu
3832,16,534.28,24.3,39,2019-02-14,0,--pslyneog
3833,1,553.46,371.1,86,2020-02-08,0,--lpandeyil
3834,5,55.12,335.1,23,2019-12-16,1,--parrandalel1
3835,20,310.58,480.7,35,2017-08-02,1,--cwyllcock14
3836,19,557.13,233.4,59,2017-08-03,0,--hbemlottbw
3837,7,103.42,259.0,10,2017-08-31,0,--jannattrd
3838,16,769.23,387.5,50,2020-02-10,1,--hclewesrh
3839,13,190.68,485.4,73,2018-08-15,1,--kthirlwellbp
3840,8,744.2,49.4,3,2018-07-11,0,--dbramham2o
3841,4,771.13,120.0,7,2018-12-08,1,--cvasilischev10
3842,8,229.44,198.5,7,2019-05-05,0,--ggaffneyap
3843,8,347.21,433.9,78,2018-10-02,0,--hwetherill38
3844,2,476.93,216.2,70,2018-10-19,1,--motson7e
3845,18,196.49,308.9,37,2019-05-01,1,--gmedcalfbb
3846,14,633.29,279.4,11,2017-12-29,1,--amacpaden5c
3847,4,670.73,236.2,96,2018-12-27,0,--adonlonmo
3848,18,515.47,182.5,91,2017-11-08,1,--mdutteridgene
3849,12,913.47,389.7,30,2018-10-17,0,--afooterbf
3850,8,536.46,50.5,11,2019-04-14,0,--sheadey2w
3851,12,171.87,403.8,48,2018-03-30,1,--gkennedydr
3852,5,764.78,470.4,97,2018-12-28,1,--lchieneq8
3853,17,428.93,82.3,43,2019-03-24,0,--bivanshintsevk6
3854,13,370.01,461.8,89,2018-05-19,1,--flightwing93
3855,13,454.74,427.2,75,2019-10-26,0,--rberkab5
3856,13,375.18,206.4,24,2018-09-19,0,--rsedgwickly
3857,3,214.27,416.0,81,2018-01-06,0,--bblazabg
3858,11,427.05,56.9,10,2018-02-18,1,--ringreel
3859,14,593.53,234.9,36,2019-07-08,0,--msollonib
3860,16,663.2,247.1,4,2018-09-25,0,--bcrameqf
3861,4,427.05,136.3,39,2018-09-04,1,--iventura8p
3862,2,524.23,45.1,31,2019-03-03,1,--ghandasided3
3863,17,537.35,263.0,71,2019-11-11,1,--skohrt9j
3864,2,889.54,85.3,95,2019-05-27,0,--ahatherleighjv
3865,15,519.52,87.0,59,2018-01-12,1,--olampert76
3866,13,126.97,410.9,67,2019-07-01,0,--bkeinratab
3867,16,904.97,368.1,67,2017-12-30,0,--cfitzharris9m
3868,3,163.24,199.7,46,2018-04-11,1,--ckubczakhp
3869,12,590.51,300.9,45,2018-01-05,0,--jaleksicro
3870,6,501.62,161.9,83,2017-08-23,1,--tvasiljevicmn
3871,18,533.07,166.9,47,2019-09-25,1,--jcolin9l
3872,18,698.02,185.7,25,2018-12-25,1,--adiantoniopa
3873,6,910.61,219.7,49,2019-04-20,0,--glotheringtonmx
3874,19,374.74,149.2,80,2018-06-17,0,--atunderop
3875,9,388.69,143.9,89,2018-04-04,1,--mcoadeqq
3876,15,947.18,223.2,44,2018-08-12,1,--santowski2z
3877,15,564.46,134.3,88,2017-08-21,0,--pslyneog
3878,18,751.46,114.7,40,2018-02-27,1,--dmayerso9
3879,3,23.09,282.7,46,2019-09-11,0,--ashannonga
3880,4,211.98,98.1,81,2019-08-17,1,--rthewlisqp
3881,7,866.75,305.7,28,2019-08-17,0,--kgittinsni
3882,20,936.23,235.6,66,2017-11-14,1,--rhymanslp
3883,14,520.91,292.4,2,2017-11-12,1,--pberkelybm
3884,3,333.42,187.4,3,2017-12-30,1,--twooddissenu
3885,9,83.18,499.4,36,2017-09-05,0,--mmccoskerff
3886,5,680.65,483.7,95,2017-11-24,1,--cfitzharris9m
3887,2,794.75,129.4,87,2020-03-03,1,--fodohertyhb
3888,9,542.51,253.5,44,2018-02-05,0,--ghalshawjx
3889,2,160.36,364.5,43,2019-04-17,1,--warmellnk
3890,3,542.79,18.6,85,2018-04-30,0,--btwinbornek2
3891,12,538.3,194.5,43,2020-02-18,0,--lwhitworthps
3892,4,265.52,391.3,42,2019-03-26,0,--kburtt6z
3893,14,271.62,491.9,73,2018-11-09,1,--gscahillad
3894,17,313.3,199.6,81,2020-04-17,1,--mdundendale5b
3895,6,539.84,101.6,23,2018-01-13,1,--tscorah5z
3896,4,192.02,169.6,96,2019-06-14,1,--aoshevlin4x
3897,3,298.27,101.8,1,2018-10-16,0,--nparkinsonph
3898,7,452.91,449.9,63,2017-10-20,0,--llethbyf0
3899,20,482.23,135.1,30,2019-06-22,0,--jbewsey1
3900,20,261.27,233.2,46,2019-12-05,1,--pslyneog
3901,15,369.68,304.6,77,2018-03-23,0,--mpinshonak
3902,11,296.83,494.6,96,2019-08-22,0,--cegdalcl
3903,1,264.39,231.1,61,2020-01-14,1,--gjelley98
3904,19,472.45,341.9,90,2018-04-15,0,--yiashvilio1
3905,4,631.87,63.8,92,2019-12-26,0,--gnorrien3
3906,20,959.79,85.5,61,2018-08-03,0,--vgirdlestone41
3907,18,117.19,471.6,37,2019-03-19,1,--hagneaug1
3908,1,542.61,60.7,16,2020-02-17,0,--ffoskenke
3909,5,475.22,312.8,43,2019-09-08,0,--ftrillown5
3910,7,926.56,414.3,58,2017-09-04,0,--bhawyesm8
3911,3,68.99,260.3,88,2018-10-25,0,--hhowellaf
3912,14,40.0,414.3,71,2019-03-04,0,--sconneely9n
3913,20,346.29,96.2,83,2019-01-18,0,--mswanborrowfp
3914,20,888.8,417.4,60,2017-09-29,1,--bthacker57
3915,4,631.32,258.3,26,2019-04-25,1,--ledworthyeon
3916,1,666.37,162.4,98,2019-07-28,1,--zrivittjb
3917,6,420.85,367.0,79,2018-05-31,1,--reilhermanni0
3918,16,959.46,159.9,71,2018-02-18,1,--plemonnier8a
3919,1,28.07,371.0,69,2020-03-08,0,--ajackett5o
3920,4,941.06,77.4,72,2019-05-21,1,--sricharson95
3921,6,164.6,156.7,6,2018-04-14,1,--bhacker8y
3922,20,665.84,458.9,67,2018-02-25,1,--ndeknevetm3
3923,4,964.88,343.6,55,2017-11-22,0,--bblazabg
3924,7,668.17,31.6,0,2018-02-28,0,--bbridgensef
3925,13,131.08,201.2,67,2018-05-28,1,--lpandeyil
3926,2,31.76,384.3,79,2019-02-09,0,--asimonsenoo
3927,13,577.53,456.8,2,2018-09-04,1,--ddavidovitsbs
3928,9,950.42,135.2,62,2018-04-05,1,--mferiepx
3929,5,745.73,292.6,56,2018-06-04,1,--fmayburyfa
3930,8,334.76,101.1,11,2017-12-28,1,--mjephsonbr
3931,17,464.92,358.5,97,2019-07-17,0,--lropek3
3932,3,221.69,261.9,30,2019-08-02,1,--enozzoliniing
3933,6,271.27,422.2,55,2019-09-05,1,--wpennrington5d
3934,13,188.37,327.1,40,2018-12-08,0,--akermannes4s
3935,13,567.16,472.4,47,2018-12-02,1,--gmooney50
3936,9,527.5,74.2,92,2017-11-28,0,--enardrup3w
3937,17,595.61,407.1,43,2018-01-10,0,--tcasford58
3938,6,511.67,424.9,2,2019-09-30,0,--lchieneq8
3939,9,600.47,164.5,31,2019-06-03,1,--jaleksicro
3940,17,465.69,226.9,55,2020-04-20,0,--rduggonq0
3941,8,657.03,452.5,37,2019-10-16,1,--pmolloya8
3942,13,427.21,327.9,10,2018-03-09,1,--emckirdyau
3943,19,538.18,290.4,32,2017-12-07,0,--bhawyesm8
3944,19,204.57,189.3,52,2019-12-27,0,--glotheringtonmx
3945,19,244.77,257.6,86,2019-01-19,0,--kabbitt2t
3946,2,895.32,383.6,100,2018-03-28,0,--abeamond37
3947,9,412.91,218.0,44,2019-12-17,1,--jjoinsonm4
3948,15,555.18,436.9,47,2019-09-23,1,--lwhitworthps
3949,9,385.9,171.8,100,2019-11-07,0,--mkesteniy
3950,5,954.71,252.0,80,2019-10-10,1,--lmercik31
3951,16,572.61,33.9,66,2018-06-29,0,--ybaudonecy
3952,15,595.37,287.4,38,2018-03-30,1,--sdunbobinl
3953,2,341.68,85.2,22,2020-05-16,1,--tgresteqb
3954,15,67.61,346.1,62,2017-12-28,1,--mmorfordgw
3955,19,418.8,316.6,48,2018-05-03,1,--adurn9b
3956,12,622.3,260.4,72,2017-08-10,1,--darkleymf
3957,13,985.32,258.7,80,2017-11-18,0,--walthropeu
3958,4,975.2,404.7,47,2017-12-24,1,--bkeinratab
3959,3,174.7,474.4,27,2020-05-01,0,--kchampeiv
3960,19,787.05,375.6,85,2018-12-20,0,--mmachostiefr
3961,13,175.67,46.8,95,2018-10-05,0,--bivanshintsevk6
3962,19,70.42,447.4,1,2019-06-15,0,--jdoohey51
3963,7,363.65,122.2,70,2020-04-19,0,--sburycc
3964,15,511.1,325.7,97,2018-01-21,0,--nlarchiere8d
3965,15,51.22,302.3,100,2019-11-07,1,--shundeyj
3966,6,352.66,327.3,74,2017-11-24,1,--kboffey5s
3967,18,899.28,51.2,20,2019-10-22,0,--pgiffenmq
3968,7,460.76,88.5,65,2019-10-19,0,--ckubczakhp
3969,13,150.44,449.5,49,2018-05-13,0,--fvictoriahl
3970,20,106.39,203.3,21,2019-07-27,0,--bhartly62
3971,20,118.43,44.2,85,2018-12-04,0,--stitterellgb
3972,18,81.79,253.0,64,2020-05-14,1,--aguppynx
3973,12,241.18,10.7,16,2018-03-08,0,--hsongust6g
3974,4,497.76,400.5,97,2018-05-25,0,--fharrowsmith4v
3975,14,705.65,185.5,25,2019-11-17,1,--sschubart16
3976,18,417.27,258.5,7,2019-11-15,0,--tsmithsonip
3977,14,926.37,110.8,55,2019-07-20,1,--ckertonlm
3978,6,585.76,417.7,38,2018-02-21,0,--msmewinko
3979,14,909.96,146.2,13,2018-05-05,1,--mdannatte5
3980,18,42.5,368.3,54,2017-11-10,1,--jcheccuzzig
3981,8,590.05,118.4,20,2020-01-08,1,--hcoulthurstfg
3982,14,296.7,466.2,99,2018-10-10,0,--wmathew3n
3983,5,502.92,318.1,97,2020-04-15,1,--cdurningdh
3984,7,593.21,317.0,2,2019-11-28,1,--bfuentept
3985,14,46.95,165.7,93,2018-05-27,1,--carundaleob
3986,4,864.01,190.3,96,2017-09-01,1,--ltresvinapv
3987,5,357.71,207.6,56,2018-09-05,1,--mgennrich27
3988,6,926.53,494.6,57,2019-11-26,1,--mmerrgen3k
3989,14,520.69,280.5,9,2019-07-19,1,--obrimm9q
3990,9,285.12,458.2,14,2020-01-29,1,--gnorrien3
3991,5,491.43,79.2,85,2017-12-05,1,--ptaks4t
3992,18,241.46,425.5,14,2019-08-19,0,--acallfjf
3993,3,268.65,189.8,26,2020-01-03,0,--lyokelbv
3994,17,22.03,487.1,35,2018-01-21,1,--ndudenie9o
3995,4,910.53,351.3,52,2019-01-28,0,--gbiaggettiio
3996,14,729.44,375.6,48,2019-04-18,1,--jcanadasfq
3997,8,168.67,122.6,15,2018-07-04,0,--adoddemeadeae
3998,16,688.17,66.1,94,2017-09-11,0,--ldryburgh4
3999,7,226.87,370.1,49,2020-03-06,1,--kdeldelloey
4000,15,434.53,276.8,100,2019-01-11,0,--warmellnk
