id,fechaInicio,fechaFin,personas,porcentaje a pagar,montoTotal,propiedad,colectiva
4001,2019-04-22,2019-04-29 07:21:32 UTC,7,Female,53,1569,2532
4002,2018-08-10,2018-08-17 00:15:49 UTC,11,Female,55,1772,2670
4003,2020-08-01,2020-08-08 11:16:25 UTC,19,Female,87,1386,2996
4004,2018-08-29,2018-09-05 06:42:13 UTC,15,Female,15,1138,2643
4005,2018-09-02,2018-09-09 18:10:44 UTC,19,Male,73,1500,2468
4006,2019-06-23,2019-06-30 19:51:04 UTC,13,Female,82,1464,2158
4007,2020-01-25,2020-02-01 11:52:49 UTC,1,Male,37,1323,2093
4008,2018-04-16,2018-04-23 14:00:33 UTC,10,Male,59,1521,2411
4009,2018-03-06,2018-03-13 10:49:36 UTC,1,Male,50,1268,2653
4010,2020-04-05,2020-04-12 06:02:05 UTC,20,Female,98,1497,2027
4011,2019-04-15,2019-04-22 20:12:39 UTC,20,Female,77,1414,2121
4012,2019-03-04,2019-03-11 17:21:39 UTC,3,Female,52,1067,2026
4013,2019-03-17,2019-03-24 17:37:44 UTC,7,Female,26,1840,2557
4014,2019-03-02,2019-03-09 10:39:49 UTC,8,Male,43,1379,2569
4015,2018-08-25,2018-09-01 10:37:23 UTC,3,Female,36,1440,2958
4016,2018-09-21,2018-09-28 07:38:56 UTC,16,Male,59,1963,2513
4017,2019-09-19,2019-09-26 20:25:45 UTC,2,Female,23,1562,2332
4018,2020-02-02,2020-02-09 21:29:54 UTC,15,Female,32,1182,2526
4019,2020-02-19,2020-02-26 02:51:58 UTC,6,Male,24,1767,2082
4020,2018-11-22,2018-11-29 12:31:13 UTC,11,Female,42,1218,2415
4021,2018-04-01,2018-04-08 23:33:43 UTC,1,Female,69,1383,2619
4022,2018-06-09,2018-06-16 22:12:01 UTC,4,Female,100,1176,2369
4023,2019-05-05,2019-05-12 06:08:33 UTC,19,Male,13,1627,2054
4024,2019-12-18,2019-12-25 04:18:09 UTC,2,Female,100,1225,2569
4025,2020-05-18,2020-05-25 18:12:22 UTC,12,Male,75,1490,2402
4026,2019-08-20,2019-08-27 16:54:13 UTC,15,Female,12,1639,2977
4027,2019-03-28,2019-04-04 00:25:21 UTC,12,Female,19,1291,2429
4028,2018-07-12,2018-07-19 17:18:28 UTC,13,Female,37,1727,2532
4029,2019-05-08,2019-05-15 20:31:23 UTC,17,Female,57,1257,2569
4030,2019-12-21,2019-12-28 08:28:17 UTC,8,Female,80,1278,2245
4031,2019-06-23,2019-06-30 01:59:16 UTC,11,Female,39,1554,2749
4032,2020-07-24,2020-07-31 01:16:22 UTC,2,Female,97,1561,2041
4033,2020-02-16,2020-02-23 21:07:37 UTC,4,Female,23,1117,2628
4034,2019-04-25,2019-05-02 23:50:13 UTC,7,Male,64,1112,2446
4035,2020-06-18,2020-06-25 00:55:47 UTC,6,Female,81,1818,2076
4036,2019-06-26,2019-07-03 03:39:00 UTC,18,Female,95,1008,2673
4037,2019-04-01,2019-04-08 00:25:11 UTC,1,Female,40,1247,2058
4038,2018-02-27,2018-03-06 07:41:54 UTC,4,Male,21,1395,2830
4039,2018-10-31,2018-11-07 13:49:09 UTC,16,Female,30,1574,2169
4040,2020-07-28,2020-08-04 22:39:54 UTC,17,Male,22,1443,2529
4041,2019-12-20,2019-12-27 03:31:33 UTC,14,Female,73,1836,2140
4042,2019-01-12,2019-01-19 22:35:36 UTC,3,Female,14,1696,2898
4043,2018-10-12,2018-10-19 22:06:47 UTC,20,Male,49,1692,2299
4044,2019-03-01,2019-03-08 16:16:18 UTC,5,Male,37,1882,2890
4045,2019-10-05,2019-10-12 22:57:10 UTC,11,Male,73,1094,2906
4046,2018-12-24,2018-12-31 07:31:07 UTC,8,Male,30,1434,2168
4047,2020-08-09,2020-08-16 01:28:42 UTC,4,Female,20,1738,2047
4048,2020-01-11,2020-01-18 05:19:54 UTC,14,Male,96,1169,2225
4049,2019-03-11,2019-03-18 22:57:40 UTC,9,Female,14,1998,2180
4050,2020-01-18,2020-01-25 11:58:34 UTC,19,Female,78,1634,2671
4051,2019-11-18,2019-11-25 03:11:37 UTC,15,Female,96,1490,2609
4052,2020-01-21,2020-01-28 09:11:07 UTC,7,Male,89,1863,2614
4053,2019-10-16,2019-10-23 04:27:28 UTC,11,Female,65,1619,2019
4054,2019-04-12,2019-04-19 20:46:33 UTC,12,Male,25,1063,2141
4055,2019-09-27,2019-10-04 17:53:16 UTC,16,Female,98,1893,2561
4056,2019-09-25,2019-10-02 02:22:02 UTC,14,Male,94,1249,2991
4057,2018-10-18,2018-10-25 18:14:43 UTC,13,Male,94,1371,2987
4058,2019-09-29,2019-10-06 05:48:27 UTC,11,Male,16,1868,2220
4059,2019-04-27,2019-05-04 04:01:46 UTC,6,Female,94,1457,2493
4060,2019-11-10,2019-11-17 10:42:48 UTC,3,Male,74,1548,2912
4061,2018-10-19,2018-10-26 22:55:13 UTC,1,Male,36,1807,2466
4062,2019-11-09,2019-11-16 07:34:37 UTC,20,Male,49,1630,2907
4063,2019-03-06,2019-03-13 07:37:29 UTC,17,Female,55,1585,2561
4064,2020-06-21,2020-06-28 13:16:45 UTC,9,Male,12,1094,2651
4065,2020-04-15,2020-04-22 01:50:27 UTC,13,Female,99,1346,2875
4066,2018-12-04,2018-12-11 06:34:38 UTC,12,Male,57,1833,2743
4067,2018-10-24,2018-10-31 11:47:34 UTC,16,Male,47,1814,2448
4068,2018-12-16,2018-12-23 09:06:50 UTC,2,Male,22,1221,2082
4069,2020-04-06,2020-04-13 03:06:11 UTC,9,Female,60,1357,2197
4070,2018-10-14,2018-10-21 07:05:13 UTC,15,Female,34,1695,2151
4071,2018-03-13,2018-03-20 05:32:17 UTC,11,Female,54,1943,2429
4072,2018-01-28,2018-02-04 21:58:37 UTC,17,Male,69,1322,2169
4073,2018-05-23,2018-05-30 22:10:09 UTC,1,Male,69,1758,2960
4074,2020-05-23,2020-05-30 23:21:01 UTC,6,Female,61,1555,2640
4075,2020-08-21,2020-08-28 08:03:53 UTC,17,Male,14,1967,2212
4076,2020-06-10,2020-06-17 11:54:23 UTC,13,Female,53,1859,2168
4077,2019-09-22,2019-09-29 11:25:14 UTC,17,Female,82,1635,2116
4078,2018-02-09,2018-02-16 09:35:38 UTC,15,Male,54,1207,2749
4079,2018-02-09,2018-02-16 15:22:32 UTC,17,Female,32,1263,2651
4080,2018-01-20,2018-01-27 20:56:22 UTC,19,Female,78,1118,2051
4081,2019-08-12,2019-08-19 19:55:01 UTC,15,Female,43,1350,2113
4082,2019-06-21,2019-06-28 08:41:10 UTC,10,Female,50,1702,2005
4083,2019-11-25,2019-12-02 21:05:19 UTC,20,Male,13,1352,2278
4084,2019-02-13,2019-02-20 04:32:43 UTC,15,Female,75,1249,2581
4085,2018-12-29,2019-01-05 14:51:43 UTC,3,Female,94,1931,2192
4086,2020-01-11,2020-01-18 13:52:51 UTC,12,Female,70,1247,2527
4087,2020-06-03,2020-06-10 06:16:16 UTC,10,Female,46,1114,2555
4088,2018-08-07,2018-08-14 20:23:15 UTC,11,Male,88,1292,2492
4089,2018-02-23,2018-03-02 23:14:44 UTC,13,Female,12,1932,2320
4090,2020-01-08,2020-01-15 11:46:06 UTC,16,Male,26,1441,2197
4091,2019-06-20,2019-06-27 21:55:02 UTC,9,Female,96,1059,2959
4092,2018-11-29,2018-12-06 07:29:31 UTC,4,Female,13,1602,2710
4093,2018-01-09,2018-01-16 23:21:15 UTC,5,Female,57,1545,2031
4094,2018-12-28,2019-01-04 16:45:20 UTC,4,Female,63,1562,2817
4095,2018-11-17,2018-11-24 15:12:32 UTC,6,Male,40,1664,2393
4096,2018-12-17,2018-12-24 20:03:33 UTC,4,Female,36,1763,2856
4097,2020-06-01,2020-06-08 02:40:22 UTC,9,Male,38,1697,2275
4098,2019-12-16,2019-12-23 23:41:57 UTC,14,Female,81,1814,2083
4099,2018-05-06,2018-05-13 08:49:09 UTC,11,Female,63,1851,2025
4100,2020-07-27,2020-08-03 22:07:24 UTC,10,Male,71,1727,2929
4101,2018-02-26,2018-03-05 08:04:21 UTC,15,Male,19,1493,2210
4102,2018-05-23,2018-05-30 02:46:01 UTC,3,Female,15,1174,2681
4103,2018-10-17,2018-10-24 22:32:41 UTC,20,Male,12,1318,2702
4104,2019-01-31,2019-02-07 02:19:49 UTC,17,Male,60,1105,2054
4105,2020-05-27,2020-06-03 01:23:30 UTC,3,Female,71,1882,2495
4106,2020-03-25,2020-04-01 01:29:20 UTC,12,Male,75,1365,2573
4107,2020-02-13,2020-02-20 01:20:17 UTC,3,Male,48,1071,2615
4108,2019-08-18,2019-08-25 00:40:26 UTC,4,Female,89,1994,2134
4109,2020-07-15,2020-07-22 17:15:26 UTC,9,Female,89,1776,2988
4110,2018-01-27,2018-02-03 20:54:27 UTC,18,Female,99,1457,2829
4111,2019-03-18,2019-03-25 19:49:28 UTC,15,Male,77,1730,2705
4112,2019-04-06,2019-04-13 05:44:07 UTC,9,Male,29,1575,2340
4113,2020-08-15,2020-08-22 19:27:12 UTC,7,Male,74,1077,2078
4114,2020-03-17,2020-03-24 08:59:37 UTC,12,Male,32,1128,2558
4115,2018-08-12,2018-08-19 21:49:34 UTC,9,Female,69,1547,2377
4116,2018-01-31,2018-02-07 16:33:53 UTC,20,Female,87,1109,2349
4117,2019-12-12,2019-12-19 04:13:55 UTC,19,Male,25,1072,2495
4118,2019-12-31,2020-01-07 02:30:34 UTC,13,Male,60,1121,2185
4119,2019-07-29,2019-08-05 18:47:11 UTC,3,Female,64,1363,2149
4120,2019-04-28,2019-05-05 11:36:07 UTC,15,Male,12,1362,2184
4121,2018-04-11,2018-04-18 14:42:05 UTC,14,Male,39,1529,2730
4122,2018-05-28,2018-06-04 21:57:52 UTC,1,Female,67,1890,2028
4123,2020-08-12,2020-08-19 22:21:33 UTC,14,Female,84,1917,2025
4124,2019-07-08,2019-07-15 23:13:45 UTC,9,Female,31,1586,2961
4125,2018-07-26,2018-08-02 21:38:36 UTC,6,Female,92,1452,2344
4126,2019-04-25,2019-05-02 20:18:06 UTC,10,Female,49,1622,2699
4127,2019-05-20,2019-05-27 18:30:39 UTC,8,Female,40,1795,2262
4128,2018-11-28,2018-12-05 04:28:27 UTC,18,Female,74,1424,2184
4129,2019-04-26,2019-05-03 06:14:52 UTC,3,Male,31,1130,2675
4130,2019-08-20,2019-08-27 21:14:07 UTC,9,Male,60,1137,2659
4131,2019-03-02,2019-03-09 22:08:01 UTC,16,Male,31,1592,2936
4132,2020-03-01,2020-03-08 05:12:14 UTC,12,Female,95,1518,2511
4133,2019-05-02,2019-05-09 23:00:37 UTC,14,Male,69,1941,2843
4134,2019-01-09,2019-01-16 15:54:21 UTC,15,Male,83,1507,2540
4135,2019-03-15,2019-03-22 18:23:31 UTC,8,Female,28,1706,2753
4136,2018-07-30,2018-08-06 14:30:02 UTC,5,Female,95,1332,2248
4137,2019-09-14,2019-09-21 18:06:53 UTC,3,Male,50,1942,2947
4138,2018-10-19,2018-10-26 03:35:05 UTC,20,Male,91,1162,2613
4139,2018-12-10,2018-12-17 18:48:07 UTC,10,Female,10,1275,2823
4140,2020-05-05,2020-05-12 06:29:52 UTC,1,Female,63,1862,2399
4141,2018-12-17,2018-12-24 10:32:53 UTC,7,Female,84,1368,2804
4142,2019-04-06,2019-04-13 13:15:01 UTC,7,Male,100,1699,2928
4143,2020-08-03,2020-08-10 18:38:44 UTC,12,Female,28,1536,2336
4144,2019-07-29,2019-08-05 19:13:41 UTC,12,Female,76,1409,2846
4145,2020-05-09,2020-05-16 19:05:06 UTC,14,Female,50,1583,2478
4146,2018-05-17,2018-05-24 12:54:57 UTC,9,Female,29,1559,2282
4147,2020-05-08,2020-05-15 23:24:09 UTC,13,Female,69,1126,2380
4148,2019-11-23,2019-11-30 00:03:07 UTC,2,Female,90,1043,2957
4149,2019-07-30,2019-08-06 01:41:36 UTC,5,Female,89,1138,2044
4150,2019-11-18,2019-11-25 05:00:24 UTC,18,Female,85,1163,2567
4151,2019-06-30,2019-07-07 23:58:47 UTC,6,Female,36,1567,2775
4152,2020-01-23,2020-01-30 17:56:22 UTC,3,Female,34,1231,2591
4153,2019-08-12,2019-08-19 02:30:57 UTC,4,Male,71,1205,2012
4154,2019-02-10,2019-02-17 18:33:41 UTC,8,Female,78,1201,2971
4155,2019-09-05,2019-09-12 14:25:53 UTC,15,Male,71,1740,2162
4156,2020-07-23,2020-07-30 05:03:42 UTC,18,Female,76,1038,2403
4157,2018-01-20,2018-01-27 08:05:24 UTC,9,Female,43,1873,2529
4158,2018-01-19,2018-01-26 20:12:13 UTC,13,Male,25,1455,2849
4159,2018-02-26,2018-03-05 22:02:20 UTC,17,Female,52,1001,2053
4160,2018-11-16,2018-11-23 10:37:57 UTC,16,Male,32,1250,2385
4161,2020-01-17,2020-01-24 06:53:58 UTC,2,Female,22,1399,2980
4162,2019-07-14,2019-07-21 11:53:13 UTC,6,Male,29,1164,2350
4163,2020-04-09,2020-04-16 21:35:15 UTC,19,Male,59,1209,2459
4164,2018-02-03,2018-02-10 13:14:42 UTC,7,Male,79,1155,2033
4165,2018-04-05,2018-04-12 03:50:29 UTC,20,Female,63,1312,2421
4166,2019-11-02,2019-11-09 02:35:38 UTC,8,Female,97,1386,2500
4167,2020-08-26,2020-09-02 02:41:57 UTC,3,Female,46,1790,2815
4168,2019-03-02,2019-03-09 10:26:39 UTC,15,Female,46,1238,2156
4169,2018-01-14,2018-01-21 04:24:47 UTC,5,Male,46,1096,2472
4170,2020-08-11,2020-08-18 12:34:11 UTC,12,Male,97,1642,2209
4171,2018-06-21,2018-06-28 19:33:45 UTC,12,Male,45,1858,2537
4172,2019-11-10,2019-11-17 21:28:54 UTC,4,Male,26,1451,2699
4173,2019-03-11,2019-03-18 02:20:40 UTC,9,Male,92,1495,2815
4174,2018-12-09,2018-12-16 16:59:40 UTC,12,Female,74,1742,2821
4175,2018-12-27,2019-01-03 21:31:29 UTC,20,Male,57,1461,2334
4176,2020-05-23,2020-05-30 03:19:14 UTC,17,Female,28,1737,2915
4177,2018-04-20,2018-04-27 17:17:10 UTC,7,Female,77,1441,2540
4178,2019-08-03,2019-08-10 01:55:41 UTC,7,Male,90,2000,2531
4179,2020-05-10,2020-05-17 22:22:24 UTC,12,Female,80,1396,2598
4180,2019-09-18,2019-09-25 11:39:07 UTC,9,Female,28,1858,2001
4181,2020-07-10,2020-07-17 01:52:34 UTC,10,Male,23,1531,2776
4182,2019-08-03,2019-08-10 04:05:42 UTC,18,Male,79,1545,2941
4183,2019-02-22,2019-03-01 20:20:12 UTC,15,Female,93,1180,2866
4184,2019-09-24,2019-10-01 02:19:36 UTC,19,Male,26,1273,2434
4185,2018-03-22,2018-03-29 15:11:32 UTC,17,Male,33,1794,2064
4186,2019-08-09,2019-08-16 11:56:06 UTC,4,Male,77,1198,2229
4187,2020-05-01,2020-05-08 22:28:30 UTC,9,Male,22,1528,2240
4188,2019-09-16,2019-09-23 04:07:03 UTC,16,Male,29,1776,2725
4189,2020-01-07,2020-01-14 14:00:14 UTC,11,Female,78,1621,2393
4190,2020-03-03,2020-03-10 23:23:37 UTC,4,Female,38,1459,2914
4191,2020-06-17,2020-06-24 06:44:25 UTC,14,Female,89,1312,2966
4192,2018-07-07,2018-07-14 12:15:27 UTC,17,Male,85,1098,2063
4193,2019-08-17,2019-08-24 12:02:30 UTC,20,Female,40,1908,2543
4194,2019-10-30,2019-11-06 05:54:05 UTC,1,Female,87,1395,2139
4195,2020-05-05,2020-05-12 03:10:09 UTC,6,Male,25,1759,2289
4196,2020-05-19,2020-05-26 10:16:53 UTC,12,Male,40,1383,2525
4197,2018-09-22,2018-09-29 09:14:45 UTC,20,Female,42,1811,2833
4198,2020-03-25,2020-04-01 07:29:11 UTC,18,Female,71,1555,2304
4199,2020-08-08,2020-08-15 00:24:37 UTC,20,Male,42,1639,2811
4200,2019-09-29,2019-10-06 16:14:34 UTC,12,Female,79,1651,2701
4201,2018-01-26,2018-02-02 12:32:06 UTC,18,Female,24,1123,2866
4202,2020-04-27,2020-05-04 01:22:54 UTC,5,Female,50,1442,2636
4203,2019-03-14,2019-03-21 17:22:32 UTC,2,Female,10,1546,2237
4204,2019-08-05,2019-08-12 02:58:53 UTC,2,Female,31,1127,2447
4205,2018-01-15,2018-01-22 09:55:00 UTC,11,Female,11,1399,2145
4206,2020-02-17,2020-02-24 11:27:25 UTC,2,Male,99,1108,2745
4207,2019-11-27,2019-12-04 04:16:52 UTC,9,Female,83,1229,2049
4208,2020-07-14,2020-07-21 14:09:28 UTC,15,Female,83,1062,2848
4209,2020-02-07,2020-02-14 07:15:40 UTC,2,Female,40,1548,2200
4210,2018-11-25,2018-12-02 17:50:12 UTC,20,Female,92,1198,2146
4211,2019-08-18,2019-08-25 00:37:21 UTC,12,Male,85,1166,2149
4212,2019-10-09,2019-10-16 17:21:21 UTC,11,Female,54,1478,2972
4213,2019-11-14,2019-11-21 08:10:28 UTC,7,Male,25,1887,2027
4214,2019-01-27,2019-02-03 16:31:10 UTC,1,Female,46,1100,2864
4215,2019-04-01,2019-04-08 02:53:12 UTC,5,Female,76,1804,2679
4216,2018-02-07,2018-02-14 08:58:30 UTC,2,Female,22,1404,2890
4217,2019-05-10,2019-05-17 10:50:26 UTC,1,Female,78,1001,2995
4218,2019-04-18,2019-04-25 23:48:33 UTC,10,Female,54,1466,2813
4219,2020-06-11,2020-06-18 21:06:32 UTC,14,Male,44,1469,2039
4220,2018-03-30,2018-04-06 06:59:44 UTC,8,Male,71,1620,2397
4221,2020-08-11,2020-08-18 05:36:11 UTC,12,Female,83,1922,2846
4222,2018-03-17,2018-03-24 00:59:10 UTC,15,Male,54,1043,2765
4223,2019-01-08,2019-01-15 10:35:18 UTC,10,Female,35,1753,2835
4224,2018-04-23,2018-04-30 22:56:26 UTC,1,Male,13,1539,2572
4225,2018-05-15,2018-05-22 22:03:59 UTC,2,Female,89,1818,2234
4226,2019-01-18,2019-01-25 20:55:54 UTC,14,Male,14,1560,2281
4227,2018-04-10,2018-04-17 12:41:52 UTC,5,Male,67,1984,2547
4228,2020-03-06,2020-03-13 16:05:39 UTC,7,Female,94,1695,2680
4229,2019-10-26,2019-11-02 08:14:13 UTC,9,Male,18,1478,2093
4230,2019-04-01,2019-04-08 11:46:18 UTC,19,Male,37,1023,2205
4231,2018-12-09,2018-12-16 20:34:52 UTC,4,Female,75,1766,2630
4232,2018-09-07,2018-09-14 20:03:52 UTC,17,Male,10,1517,2967
4233,2019-08-28,2019-09-04 17:26:20 UTC,10,Female,71,1242,2300
4234,2018-12-03,2018-12-10 21:08:45 UTC,5,Male,74,1152,2304
4235,2018-05-29,2018-06-05 04:40:18 UTC,17,Male,86,1992,2184
4236,2020-08-14,2020-08-21 20:47:34 UTC,6,Female,93,1819,2170
4237,2019-01-10,2019-01-17 23:48:31 UTC,19,Male,10,1932,2447
4238,2018-04-21,2018-04-28 05:44:13 UTC,9,Female,51,1421,2771
4239,2019-09-06,2019-09-13 13:54:42 UTC,18,Male,61,1717,2981
4240,2020-02-01,2020-02-08 09:48:32 UTC,8,Female,29,1960,2106
4241,2018-05-18,2018-05-25 22:06:13 UTC,15,Female,86,1242,2564
4242,2018-10-20,2018-10-27 17:50:12 UTC,8,Male,85,1490,2038
4243,2018-11-15,2018-11-22 16:25:33 UTC,18,Female,41,1528,2418
4244,2019-01-06,2019-01-13 01:54:10 UTC,12,Female,68,1117,2481
4245,2018-11-02,2018-11-09 11:09:22 UTC,13,Female,29,1293,2192
4246,2018-06-28,2018-07-05 15:48:24 UTC,13,Male,42,1877,2763
4247,2020-06-18,2020-06-25 22:19:03 UTC,18,Female,100,1634,2335
4248,2020-04-04,2020-04-11 06:51:19 UTC,5,Male,39,1404,2529
4249,2019-11-03,2019-11-10 18:10:17 UTC,19,Male,11,1034,2313
4250,2019-04-24,2019-05-01 00:53:09 UTC,16,Female,99,1421,2060
4251,2019-07-01,2019-07-08 03:05:53 UTC,8,Female,15,1103,2021
4252,2019-09-18,2019-09-25 19:08:00 UTC,5,Female,74,1190,2531
4253,2020-01-29,2020-02-05 07:33:39 UTC,6,Female,39,1210,2552
4254,2020-06-15,2020-06-22 18:51:23 UTC,3,Male,13,1067,2281
4255,2018-09-17,2018-09-24 21:24:36 UTC,9,Female,86,1145,2175
4256,2020-04-16,2020-04-23 14:01:39 UTC,15,Female,27,1311,2500
4257,2018-12-09,2018-12-16 11:41:54 UTC,2,Female,31,1954,2150
4258,2018-06-08,2018-06-15 23:46:14 UTC,8,Male,47,1247,2427
4259,2018-06-10,2018-06-17 20:55:45 UTC,1,Female,71,1800,2881
4260,2018-07-09,2018-07-16 02:55:35 UTC,19,Female,31,1536,2431
4261,2020-02-22,2020-02-29 01:05:11 UTC,11,Female,67,1173,2565
4262,2019-09-19,2019-09-26 20:38:50 UTC,6,Female,87,1353,2091
4263,2018-02-03,2018-02-10 16:31:01 UTC,18,Male,29,1367,2462
4264,2018-01-09,2018-01-16 00:13:05 UTC,4,Female,37,1517,2547
4265,2019-12-04,2019-12-11 19:00:16 UTC,15,Male,93,1274,2238
4266,2020-01-12,2020-01-19 02:52:42 UTC,9,Female,82,1897,2705
4267,2020-08-01,2020-08-08 18:53:48 UTC,16,Female,74,1342,2837
4268,2019-09-14,2019-09-21 04:46:20 UTC,3,Female,11,1074,2159
4269,2019-01-13,2019-01-20 19:30:17 UTC,16,Female,85,1953,2335
4270,2018-08-21,2018-08-28 16:13:52 UTC,12,Male,85,1150,2845
4271,2018-04-10,2018-04-17 19:15:22 UTC,15,Female,73,1503,2802
4272,2018-05-03,2018-05-10 03:13:13 UTC,4,Male,64,1238,2995
4273,2020-05-20,2020-05-27 19:56:26 UTC,8,Female,12,1873,2017
4274,2018-09-20,2018-09-27 01:48:52 UTC,2,Female,90,1421,2601
4275,2020-06-12,2020-06-19 16:50:19 UTC,5,Male,27,1549,2707
4276,2019-12-13,2019-12-20 04:48:48 UTC,10,Male,59,1825,2031
4277,2020-03-03,2020-03-10 11:17:27 UTC,17,Male,73,1667,2063
4278,2019-08-24,2019-08-31 07:12:28 UTC,20,Male,90,1777,2100
4279,2018-01-15,2018-01-22 11:58:00 UTC,19,Male,65,1492,2936
4280,2020-01-24,2020-01-31 11:00:58 UTC,14,Male,12,1097,2554
4281,2019-05-10,2019-05-17 04:54:24 UTC,13,Male,72,1927,2605
4282,2019-05-08,2019-05-15 12:08:02 UTC,1,Male,14,1385,2127
4283,2018-11-16,2018-11-23 06:21:21 UTC,6,Male,70,1022,2254
4284,2018-12-19,2018-12-26 10:00:18 UTC,19,Female,24,1166,2027
4285,2019-06-18,2019-06-25 09:13:35 UTC,19,Male,77,1991,2002
4286,2018-06-24,2018-07-01 15:01:03 UTC,2,Male,69,1708,2752
4287,2020-08-27,2020-09-03 19:28:32 UTC,18,Female,73,1463,2447
4288,2020-08-24,2020-08-31 09:53:04 UTC,19,Male,52,1240,2483
4289,2020-05-21,2020-05-28 13:26:57 UTC,20,Male,19,1062,2945
4290,2019-05-25,2019-06-01 11:56:52 UTC,16,Male,21,1059,2451
4291,2019-07-05,2019-07-12 04:23:07 UTC,11,Male,39,1710,2995
4292,2018-08-17,2018-08-24 07:40:45 UTC,11,Male,46,1263,2330
4293,2020-02-27,2020-03-05 20:09:01 UTC,14,Male,56,1538,2688
4294,2019-10-24,2019-10-31 17:17:40 UTC,17,Male,78,1866,2925
4295,2019-06-05,2019-06-12 13:23:31 UTC,9,Female,98,1323,2673
4296,2018-04-19,2018-04-26 22:27:20 UTC,12,Male,51,1065,2043
4297,2018-04-11,2018-04-18 22:53:51 UTC,4,Female,57,1989,2873
4298,2018-12-27,2019-01-03 11:32:52 UTC,11,Female,65,1569,2162
4299,2018-12-09,2018-12-16 12:53:54 UTC,12,Male,51,1167,2924
4300,2020-08-09,2020-08-16 03:07:11 UTC,17,Female,27,1459,2650
4301,2018-04-06,2018-04-13 00:38:25 UTC,10,Male,66,1950,2538
4302,2018-07-15,2018-07-22 04:44:22 UTC,16,Male,68,1187,2465
4303,2019-09-09,2019-09-16 19:50:18 UTC,5,Male,71,1250,2366
4304,2020-01-30,2020-02-06 14:34:51 UTC,13,Female,71,1259,2456
4305,2019-03-11,2019-03-18 05:47:42 UTC,12,Male,35,1185,2352
4306,2020-03-25,2020-04-01 20:11:41 UTC,10,Female,57,1358,2752
4307,2019-02-15,2019-02-22 15:37:55 UTC,16,Male,61,1347,2576
4308,2018-12-15,2018-12-22 22:23:25 UTC,6,Female,23,1212,2572
4309,2020-07-30,2020-08-06 21:31:18 UTC,10,Female,90,1176,2861
4310,2018-03-05,2018-03-12 15:02:35 UTC,4,Female,99,1489,2169
4311,2018-02-06,2018-02-13 18:55:17 UTC,19,Male,22,1916,2116
4312,2019-11-24,2019-12-01 16:47:59 UTC,9,Male,68,1526,2537
4313,2019-07-11,2019-07-18 09:22:14 UTC,11,Male,52,1678,2605
4314,2018-07-23,2018-07-30 22:11:50 UTC,18,Female,34,1032,2579
4315,2019-02-19,2019-02-26 04:43:59 UTC,2,Female,90,1343,2294
4316,2019-08-05,2019-08-12 17:04:19 UTC,10,Female,76,1152,2363
4317,2020-08-11,2020-08-18 05:12:28 UTC,8,Female,36,1484,2055
4318,2020-08-10,2020-08-17 14:20:01 UTC,15,Female,55,1392,2956
4319,2018-01-21,2018-01-28 13:00:12 UTC,3,Male,72,1434,2643
4320,2019-09-24,2019-10-01 07:14:59 UTC,14,Female,53,1357,2369
4321,2018-12-17,2018-12-24 17:58:55 UTC,4,Female,32,1305,2776
4322,2018-05-06,2018-05-13 16:58:34 UTC,15,Male,65,1673,2541
4323,2020-06-28,2020-07-05 21:15:30 UTC,17,Female,43,1926,2283
4324,2020-05-24,2020-05-31 13:54:47 UTC,2,Female,99,1690,2224
4325,2018-11-20,2018-11-27 07:03:41 UTC,5,Female,26,1021,2116
4326,2018-04-23,2018-04-30 14:15:52 UTC,4,Male,63,1877,2075
4327,2019-02-27,2019-03-06 08:43:33 UTC,7,Male,75,1437,2653
4328,2019-12-08,2019-12-15 08:05:14 UTC,18,Male,21,1548,2524
4329,2019-11-04,2019-11-11 04:20:27 UTC,1,Male,40,1480,2907
4330,2019-03-02,2019-03-09 15:28:54 UTC,14,Male,99,1412,2101
4331,2019-12-01,2019-12-08 11:29:59 UTC,12,Male,77,1734,2418
4332,2018-02-13,2018-02-20 09:29:48 UTC,9,Male,11,1269,2615
4333,2018-06-18,2018-06-25 15:57:31 UTC,7,Female,73,1502,2450
4334,2019-01-28,2019-02-04 19:03:19 UTC,4,Male,83,1952,2156
4335,2018-11-21,2018-11-28 20:51:32 UTC,3,Female,17,1749,2047
4336,2018-08-10,2018-08-17 18:47:32 UTC,12,Female,93,1593,2136
4337,2019-10-09,2019-10-16 23:09:28 UTC,12,Male,74,1610,2413
4338,2019-07-17,2019-07-24 14:05:43 UTC,19,Female,19,1447,2911
4339,2018-02-21,2018-02-28 12:14:22 UTC,10,Male,55,1249,2186
4340,2019-07-15,2019-07-22 04:14:57 UTC,11,Female,86,1485,2773
4341,2018-05-20,2018-05-27 00:19:39 UTC,3,Female,62,1760,2832
4342,2018-07-19,2018-07-26 09:12:57 UTC,10,Male,42,1782,2809
4343,2019-02-21,2019-02-28 15:02:49 UTC,3,Female,36,1203,2167
4344,2018-06-03,2018-06-10 02:46:15 UTC,20,Female,100,1275,2535
4345,2018-07-20,2018-07-27 11:01:28 UTC,2,Male,82,1583,2600
4346,2018-06-16,2018-06-23 03:32:37 UTC,17,Male,86,1243,2645
4347,2020-03-22,2020-03-29 15:25:02 UTC,5,Male,28,1251,2236
4348,2018-12-07,2018-12-14 16:52:26 UTC,7,Female,94,1969,2906
4349,2019-06-07,2019-06-14 20:00:56 UTC,18,Female,62,1004,2085
4350,2018-12-31,2019-01-07 14:15:13 UTC,17,Male,43,1720,2353
4351,2018-03-18,2018-03-25 16:00:38 UTC,15,Female,42,1139,2610
4352,2019-11-19,2019-11-26 13:31:19 UTC,10,Female,51,1983,2489
4353,2018-05-10,2018-05-17 21:34:43 UTC,18,Male,94,1349,2720
4354,2020-06-17,2020-06-24 19:53:20 UTC,4,Male,87,1280,2899
4355,2020-01-08,2020-01-15 15:36:19 UTC,15,Female,68,1281,2677
4356,2019-12-23,2019-12-30 19:02:21 UTC,5,Male,75,1020,2713
4357,2018-06-01,2018-06-08 18:09:11 UTC,13,Female,77,1182,2970
4358,2018-11-05,2018-11-12 18:15:22 UTC,4,Female,65,1521,2506
4359,2019-09-20,2019-09-27 03:39:44 UTC,1,Female,98,1725,2650
4360,2018-10-29,2018-11-05 06:09:07 UTC,19,Female,28,1853,2881
4361,2018-04-17,2018-04-24 13:29:49 UTC,13,Male,42,1437,2349
4362,2018-07-13,2018-07-20 10:15:39 UTC,14,Male,21,1425,2368
4363,2020-03-08,2020-03-15 15:54:20 UTC,3,Female,46,1486,2985
4364,2018-11-02,2018-11-09 08:44:59 UTC,12,Male,30,1828,2419
4365,2020-05-20,2020-05-27 21:24:16 UTC,9,Female,10,1010,2620
4366,2020-02-11,2020-02-18 12:15:54 UTC,4,Female,94,1968,2469
4367,2018-06-08,2018-06-15 17:34:18 UTC,6,Female,28,1481,2372
4368,2019-10-03,2019-10-10 12:11:47 UTC,18,Male,12,1876,2439
4369,2020-08-10,2020-08-17 20:33:44 UTC,3,Male,46,1623,2159
4370,2019-01-25,2019-02-01 02:30:31 UTC,3,Male,23,1412,2103
4371,2018-02-11,2018-02-18 01:30:01 UTC,16,Male,32,1227,2175
4372,2018-10-19,2018-10-26 19:31:45 UTC,20,Male,70,1716,2386
4373,2019-07-21,2019-07-28 03:58:01 UTC,17,Male,50,2000,2349
4374,2018-09-09,2018-09-16 09:45:20 UTC,4,Male,23,1275,2519
4375,2019-09-04,2019-09-11 02:23:51 UTC,5,Male,81,1613,2227
4376,2019-10-27,2019-11-03 02:40:07 UTC,9,Female,48,1236,2448
4377,2018-01-12,2018-01-19 19:23:32 UTC,18,Female,20,1902,2141
4378,2018-08-20,2018-08-27 17:32:20 UTC,2,Female,88,1423,2342
4379,2019-09-05,2019-09-12 15:15:02 UTC,7,Male,58,1023,2342
4380,2020-05-09,2020-05-16 13:10:31 UTC,15,Male,19,1388,2982
4381,2020-03-24,2020-03-31 05:28:20 UTC,19,Female,56,1381,2768
4382,2018-12-16,2018-12-23 09:28:39 UTC,20,Male,83,1332,2562
4383,2020-07-08,2020-07-15 01:50:30 UTC,3,Female,42,1352,2110
4384,2018-03-09,2018-03-16 20:37:33 UTC,14,Female,100,1245,2293
4385,2019-12-21,2019-12-28 01:37:49 UTC,11,Male,20,1213,2650
4386,2018-02-04,2018-02-11 18:46:07 UTC,8,Male,53,1027,2084
4387,2020-06-24,2020-07-01 01:45:30 UTC,1,Female,57,1382,2863
4388,2018-04-20,2018-04-27 17:18:18 UTC,18,Male,63,1496,2106
4389,2019-03-30,2019-04-06 13:54:35 UTC,8,Female,21,1662,2817
4390,2018-10-11,2018-10-18 20:31:43 UTC,17,Female,95,1876,2638
4391,2020-06-12,2020-06-19 03:20:26 UTC,8,Male,75,1941,2649
4392,2019-09-27,2019-10-04 10:00:52 UTC,3,Female,53,1357,2538
4393,2018-06-28,2018-07-05 21:09:06 UTC,18,Female,22,1536,2612
4394,2018-11-16,2018-11-23 23:34:09 UTC,4,Female,79,1922,2865
4395,2019-02-13,2019-02-20 02:29:56 UTC,4,Female,11,1283,2002
4396,2019-05-22,2019-05-29 11:57:41 UTC,1,Male,72,1519,2996
4397,2020-03-04,2020-03-11 15:17:54 UTC,14,Female,25,1490,2001
4398,2020-08-09,2020-08-16 14:57:59 UTC,13,Male,17,1481,2488
4399,2018-01-25,2018-02-01 02:12:29 UTC,19,Male,13,1369,2987
4400,2020-03-08,2020-03-15 07:28:32 UTC,17,Female,25,1569,2092
4401,2020-06-11,2020-06-18 07:36:18 UTC,7,Male,55,1975,2460
4402,2020-02-02,2020-02-09 09:43:23 UTC,1,Female,96,1312,2448
4403,2018-01-09,2018-01-16 20:35:37 UTC,16,Female,92,1669,2805
4404,2019-08-22,2019-08-29 00:52:40 UTC,9,Female,19,1985,2908
4405,2019-01-13,2019-01-20 21:05:48 UTC,16,Male,89,1884,2481
4406,2019-11-29,2019-12-06 00:29:52 UTC,8,Male,93,1066,2697
4407,2018-02-19,2018-02-26 04:38:17 UTC,16,Female,36,1915,2270
4408,2020-01-23,2020-01-30 09:05:48 UTC,19,Male,63,1435,2545
4409,2020-03-08,2020-03-15 10:05:36 UTC,7,Female,20,1357,2218
4410,2018-11-06,2018-11-13 05:09:07 UTC,17,Female,43,1778,2947
4411,2018-08-27,2018-09-03 04:56:01 UTC,7,Female,71,1052,2261
4412,2018-10-03,2018-10-10 08:01:34 UTC,11,Female,92,1598,2917
4413,2020-01-18,2020-01-25 11:02:35 UTC,16,Female,40,1298,2537
4414,2019-09-03,2019-09-10 10:16:45 UTC,20,Male,29,1929,2996
4415,2019-01-24,2019-01-31 10:06:36 UTC,19,Male,92,1132,2913
4416,2018-10-17,2018-10-24 19:06:49 UTC,8,Female,66,1046,2806
4417,2019-02-04,2019-02-11 04:51:32 UTC,17,Male,47,1528,2627
4418,2019-06-16,2019-06-23 11:32:40 UTC,4,Male,61,1137,2677
4419,2019-05-20,2019-05-27 08:05:10 UTC,7,Female,17,1099,2034
4420,2020-03-19,2020-03-26 05:23:17 UTC,17,Male,91,1177,2521
4421,2020-04-09,2020-04-16 19:28:51 UTC,16,Female,30,1657,2271
4422,2018-05-29,2018-06-05 03:30:59 UTC,2,Female,99,1081,2614
4423,2019-11-07,2019-11-14 07:32:04 UTC,7,Male,88,1330,2281
4424,2019-09-17,2019-09-24 00:19:56 UTC,4,Male,88,1899,2458
4425,2020-08-26,2020-09-02 09:34:28 UTC,17,Female,95,1364,2419
4426,2018-04-09,2018-04-16 12:58:00 UTC,13,Female,97,1749,2235
4427,2020-04-28,2020-05-05 13:22:26 UTC,20,Female,38,1155,2238
4428,2019-12-11,2019-12-18 23:52:38 UTC,12,Male,41,1167,2500
4429,2018-06-12,2018-06-19 20:45:16 UTC,6,Male,98,1498,2475
4430,2018-08-24,2018-08-31 00:54:16 UTC,15,Female,50,1722,2601
4431,2019-09-07,2019-09-14 22:17:08 UTC,8,Male,44,1720,2251
4432,2018-04-10,2018-04-17 16:27:31 UTC,15,Female,99,1235,2441
4433,2018-07-28,2018-08-04 17:22:53 UTC,19,Male,80,1164,2634
4434,2019-12-09,2019-12-16 21:02:55 UTC,4,Female,25,1128,2780
4435,2020-03-25,2020-04-01 20:22:51 UTC,7,Female,75,1647,2044
4436,2019-02-02,2019-02-09 01:46:22 UTC,19,Male,26,1295,2643
4437,2020-01-05,2020-01-12 04:43:38 UTC,1,Male,23,1074,2718
4438,2019-01-17,2019-01-24 12:31:20 UTC,7,Male,17,1030,2481
4439,2019-05-03,2019-05-10 13:15:55 UTC,16,Male,89,1349,2951
4440,2018-02-16,2018-02-23 11:00:42 UTC,5,Male,69,1148,2640
4441,2019-05-31,2019-06-07 21:29:26 UTC,15,Male,59,1606,2073
4442,2020-03-25,2020-04-01 05:01:07 UTC,5,Male,57,1715,2323
4443,2018-08-11,2018-08-18 22:56:30 UTC,14,Male,96,1340,2881
4444,2020-06-28,2020-07-05 02:52:56 UTC,15,Female,47,1029,2135
4445,2020-04-03,2020-04-10 23:46:46 UTC,10,Female,37,1692,2548
4446,2018-08-06,2018-08-13 05:24:58 UTC,16,Male,63,1606,2686
4447,2020-07-03,2020-07-10 02:32:56 UTC,5,Female,75,1531,2848
4448,2018-02-21,2018-02-28 22:36:05 UTC,12,Male,94,1383,2487
4449,2018-12-20,2018-12-27 09:11:30 UTC,17,Male,31,1880,2239
4450,2020-05-08,2020-05-15 02:03:31 UTC,14,Male,80,1400,2022
4451,2019-01-07,2019-01-14 18:03:01 UTC,5,Female,10,1163,2718
4452,2019-08-12,2019-08-19 18:52:25 UTC,15,Male,65,1857,2132
4453,2019-10-14,2019-10-21 04:37:28 UTC,11,Male,92,1062,2915
4454,2018-10-22,2018-10-29 00:20:35 UTC,17,Female,58,1961,2582
4455,2018-08-31,2018-09-07 12:23:58 UTC,2,Female,67,1170,2519
4456,2019-01-07,2019-01-14 12:46:23 UTC,12,Female,39,1812,2893
4457,2020-02-04,2020-02-11 00:08:44 UTC,5,Male,42,1323,2837
4458,2020-03-01,2020-03-08 22:29:40 UTC,17,Female,60,1661,2475
4459,2020-04-27,2020-05-04 10:26:07 UTC,1,Male,62,1531,2758
4460,2018-05-06,2018-05-13 10:03:28 UTC,6,Female,15,1833,2946
4461,2020-06-13,2020-06-20 17:06:19 UTC,20,Female,14,1425,2668
4462,2018-09-08,2018-09-15 18:23:28 UTC,1,Female,96,1989,2084
4463,2020-06-28,2020-07-05 21:16:30 UTC,14,Male,60,1702,2326
4464,2018-09-02,2018-09-09 19:33:17 UTC,13,Male,83,1685,2679
4465,2019-03-30,2019-04-06 01:15:56 UTC,12,Male,56,1064,2241
4466,2020-08-03,2020-08-10 09:07:20 UTC,7,Female,61,1046,2299
4467,2019-02-13,2019-02-20 15:11:42 UTC,3,Male,68,1547,2151
4468,2020-04-13,2020-04-20 15:48:43 UTC,7,Female,58,1014,2747
4469,2019-11-01,2019-11-08 05:15:57 UTC,1,Male,14,1782,2867
4470,2018-01-06,2018-01-13 12:40:37 UTC,9,Male,76,1283,2568
4471,2019-04-16,2019-04-23 15:56:53 UTC,19,Male,23,1644,2077
4472,2019-10-26,2019-11-02 04:02:31 UTC,7,Male,43,1608,2658
4473,2018-04-11,2018-04-18 01:48:14 UTC,6,Male,10,1975,2579
4474,2020-08-04,2020-08-11 00:54:47 UTC,3,Male,19,1932,2002
4475,2019-07-16,2019-07-23 21:00:00 UTC,3,Male,21,1539,2797
4476,2018-05-01,2018-05-08 06:09:31 UTC,19,Female,44,1817,2784
4477,2019-03-04,2019-03-11 01:37:11 UTC,5,Female,77,1021,2040
4478,2018-07-07,2018-07-14 13:24:13 UTC,5,Female,15,1012,2709
4479,2018-08-31,2018-09-07 05:25:18 UTC,2,Male,20,1134,2339
4480,2020-05-16,2020-05-23 00:04:45 UTC,13,Female,64,1831,2517
4481,2019-04-20,2019-04-27 09:57:11 UTC,10,Female,47,1277,2992
4482,2018-06-14,2018-06-21 17:38:53 UTC,12,Male,47,1039,2322
4483,2019-02-19,2019-02-26 11:00:19 UTC,20,Female,21,1408,2393
4484,2019-05-18,2019-05-25 14:20:56 UTC,20,Male,11,1475,2748
4485,2018-06-27,2018-07-04 08:09:34 UTC,15,Male,45,1469,2557
4486,2018-08-06,2018-08-13 10:31:57 UTC,14,Male,56,1769,2489
4487,2019-05-31,2019-06-07 23:41:25 UTC,19,Male,41,1863,2214
4488,2018-03-05,2018-03-12 07:42:25 UTC,7,Female,25,1264,2704
4489,2018-09-02,2018-09-09 00:51:16 UTC,15,Male,78,1372,2974
4490,2019-07-03,2019-07-10 16:48:27 UTC,19,Female,39,1326,2185
4491,2020-03-14,2020-03-21 21:29:22 UTC,7,Female,95,1068,2913
4492,2020-02-06,2020-02-13 19:37:22 UTC,18,Male,28,1352,2374
4493,2020-05-10,2020-05-17 17:15:55 UTC,20,Female,14,1993,2170
4494,2018-12-10,2018-12-17 13:39:10 UTC,18,Male,74,1977,2015
4495,2020-01-27,2020-02-03 09:53:14 UTC,9,Male,100,1097,2719
4496,2018-03-20,2018-03-27 14:07:38 UTC,18,Female,61,1266,2327
4497,2018-10-15,2018-10-22 17:08:04 UTC,10,Female,69,1422,2882
4498,2019-07-26,2019-08-02 10:33:23 UTC,7,Male,62,1645,2048
4499,2020-08-01,2020-08-08 16:43:31 UTC,5,Female,58,1649,2761
4500,2019-07-06,2019-07-13 00:49:14 UTC,10,Female,56,1761,2237
4501,2018-12-14,2018-12-21 15:55:03 UTC,8,Female,74,1527,2389
4502,2019-03-14,2019-03-21 03:43:00 UTC,2,Female,23,1405,2921
4503,2018-05-10,2018-05-17 18:49:32 UTC,18,Male,65,1365,2805
4504,2019-09-01,2019-09-08 19:25:06 UTC,8,Male,16,1287,2558
4505,2019-06-16,2019-06-23 01:39:13 UTC,7,Female,49,1817,2296
4506,2019-07-09,2019-07-16 17:32:27 UTC,12,Male,15,1083,2403
4507,2018-10-14,2018-10-21 07:15:19 UTC,6,Male,80,1171,2088
4508,2019-02-13,2019-02-20 14:40:32 UTC,12,Male,64,1380,2528
4509,2020-04-12,2020-04-19 01:55:13 UTC,19,Female,32,1966,2637
4510,2019-05-07,2019-05-14 18:10:44 UTC,17,Female,99,1871,2565
4511,2019-03-12,2019-03-19 05:28:31 UTC,7,Male,78,1974,2547
4512,2019-10-02,2019-10-09 04:42:13 UTC,9,Female,64,1670,2153
4513,2018-08-03,2018-08-10 05:36:23 UTC,15,Female,93,1238,2730
4514,2019-10-17,2019-10-24 21:35:49 UTC,4,Male,64,1305,2603
4515,2018-01-19,2018-01-26 10:25:33 UTC,5,Male,44,1652,2024
4516,2020-06-27,2020-07-04 07:25:57 UTC,4,Male,65,1733,2311
4517,2018-01-06,2018-01-13 19:14:58 UTC,20,Male,96,1868,2557
4518,2019-05-15,2019-05-22 20:30:23 UTC,9,Male,21,1985,2149
4519,2019-09-08,2019-09-15 14:29:27 UTC,20,Male,44,1486,2189
4520,2020-04-02,2020-04-09 20:26:31 UTC,5,Female,78,1327,2786
4521,2019-06-23,2019-06-30 03:13:11 UTC,2,Male,64,1499,2690
4522,2020-05-26,2020-06-02 15:22:12 UTC,14,Male,85,1892,2121
4523,2020-04-01,2020-04-08 17:01:55 UTC,11,Male,32,1406,2265
4524,2020-06-05,2020-06-12 01:29:30 UTC,5,Male,67,1553,2158
4525,2020-06-17,2020-06-24 21:12:36 UTC,10,Male,88,1644,2796
4526,2020-06-10,2020-06-17 03:16:27 UTC,16,Male,23,1807,2805
4527,2019-02-26,2019-03-05 04:56:32 UTC,17,Female,52,1250,2292
4528,2018-08-13,2018-08-20 00:59:46 UTC,3,Female,15,1974,2388
4529,2018-06-15,2018-06-22 06:03:16 UTC,17,Female,72,1023,2422
4530,2020-05-02,2020-05-09 12:48:23 UTC,7,Male,94,1794,2001
4531,2018-11-21,2018-11-28 01:49:31 UTC,4,Female,35,1937,2976
4532,2020-02-02,2020-02-09 15:33:27 UTC,5,Male,93,1040,2026
4533,2018-02-21,2018-02-28 03:43:13 UTC,15,Male,87,1943,2621
4534,2019-09-02,2019-09-09 20:56:47 UTC,17,Female,63,1281,2580
4535,2020-05-05,2020-05-12 09:04:38 UTC,3,Female,40,1821,2238
4536,2018-09-13,2018-09-20 04:45:05 UTC,11,Female,64,1952,2187
4537,2020-01-29,2020-02-05 07:25:54 UTC,9,Male,96,1066,2459
4538,2019-05-03,2019-05-10 21:28:43 UTC,13,Male,56,1941,2799
4539,2018-11-19,2018-11-26 07:41:41 UTC,17,Female,95,1923,2119
4540,2020-01-01,2020-01-08 01:36:53 UTC,11,Male,55,1620,2014
4541,2018-02-02,2018-02-09 02:42:27 UTC,18,Male,46,1451,2236
4542,2018-09-04,2018-09-11 13:33:03 UTC,7,Female,17,1756,2941
4543,2020-05-20,2020-05-27 12:36:24 UTC,18,Male,87,1280,2905
4544,2018-09-23,2018-09-30 09:54:42 UTC,13,Male,29,1776,2401
4545,2019-08-05,2019-08-12 22:42:55 UTC,20,Female,78,1457,2433
4546,2018-08-22,2018-08-29 09:59:29 UTC,20,Male,38,1256,2921
4547,2018-06-02,2018-06-09 20:41:59 UTC,12,Female,83,1250,2037
4548,2018-02-20,2018-02-27 08:51:31 UTC,8,Female,50,1582,2897
4549,2019-05-03,2019-05-10 01:29:50 UTC,16,Female,48,1180,2221
4550,2018-04-16,2018-04-23 20:42:09 UTC,5,Female,36,1063,2115
4551,2018-05-26,2018-06-02 03:00:46 UTC,12,Female,19,1921,2171
4552,2018-02-26,2018-03-05 13:00:55 UTC,12,Male,95,1698,2899
4553,2018-11-04,2018-11-11 05:27:34 UTC,17,Male,27,1972,2083
4554,2018-09-29,2018-10-06 18:36:57 UTC,12,Female,47,1236,2429
4555,2019-02-16,2019-02-23 02:22:08 UTC,10,Female,59,1179,2628
4556,2019-03-04,2019-03-11 23:07:42 UTC,2,Male,90,1243,2365
4557,2019-03-20,2019-03-27 19:32:02 UTC,7,Female,90,1252,2169
4558,2019-12-09,2019-12-16 06:31:36 UTC,13,Male,88,1149,2546
4559,2019-12-31,2020-01-07 07:23:38 UTC,5,Female,27,1592,2457
4560,2019-06-30,2019-07-07 21:36:21 UTC,8,Male,77,1173,2248
4561,2018-03-22,2018-03-29 15:31:42 UTC,9,Male,68,1522,2989
4562,2020-04-11,2020-04-18 08:09:13 UTC,2,Male,22,1151,2835
4563,2019-10-18,2019-10-25 19:21:52 UTC,19,Male,40,1647,2039
4564,2018-08-15,2018-08-22 18:33:11 UTC,13,Male,29,1008,2907
4565,2018-06-02,2018-06-09 17:27:13 UTC,2,Female,51,1228,2488
4566,2019-06-05,2019-06-12 09:05:20 UTC,10,Male,31,1331,2946
4567,2020-02-23,2020-03-01 06:55:32 UTC,7,Male,99,1863,2369
4568,2020-08-27,2020-09-03 05:04:42 UTC,6,Male,26,1102,2358
4569,2020-05-11,2020-05-18 04:06:36 UTC,15,Male,69,1845,2490
4570,2019-04-08,2019-04-15 17:46:47 UTC,12,Female,75,1658,2549
4571,2020-01-19,2020-01-26 01:56:48 UTC,2,Female,37,1976,2164
4572,2018-07-20,2018-07-27 20:34:35 UTC,5,Male,58,1600,2905
4573,2019-07-19,2019-07-26 23:09:08 UTC,14,Female,83,1084,2576
4574,2020-03-28,2020-04-04 03:34:20 UTC,11,Female,17,1013,2159
4575,2018-05-25,2018-06-01 10:54:48 UTC,17,Female,65,1533,2601
4576,2020-04-29,2020-05-06 15:48:34 UTC,9,Female,99,1840,2722
4577,2018-05-22,2018-05-29 14:43:04 UTC,4,Male,68,1343,2986
4578,2018-11-19,2018-11-26 04:04:52 UTC,19,Female,87,1435,2210
4579,2018-09-14,2018-09-21 07:24:56 UTC,7,Male,87,1647,2944
4580,2018-09-13,2018-09-20 14:52:57 UTC,14,Male,48,1730,2605
4581,2018-11-11,2018-11-18 19:50:33 UTC,14,Male,51,1028,2904
4582,2019-05-06,2019-05-13 16:27:43 UTC,9,Female,16,1544,2987
4583,2020-02-17,2020-02-24 06:09:45 UTC,10,Female,54,1976,2404
4584,2019-01-16,2019-01-23 15:40:23 UTC,8,Male,26,1085,2397
4585,2019-02-07,2019-02-14 14:42:18 UTC,17,Male,75,1204,2071
4586,2018-04-20,2018-04-27 19:17:45 UTC,4,Male,98,1048,2515
4587,2019-06-01,2019-06-08 13:27:51 UTC,14,Female,78,1666,2200
4588,2020-03-10,2020-03-17 15:25:39 UTC,2,Female,79,1299,2886
4589,2018-03-01,2018-03-08 02:26:05 UTC,15,Female,45,1833,2662
4590,2019-03-27,2019-04-03 19:47:33 UTC,11,Male,98,1853,2149
4591,2018-05-11,2018-05-18 20:23:09 UTC,5,Male,62,1495,2882
4592,2018-03-19,2018-03-26 11:34:24 UTC,20,Male,73,1359,2637
4593,2019-10-21,2019-10-28 22:30:47 UTC,13,Female,48,1517,2739
4594,2019-03-14,2019-03-21 01:23:32 UTC,5,Male,89,1015,2022
4595,2020-02-18,2020-02-25 14:32:36 UTC,18,Male,13,1544,2959
4596,2019-12-29,2020-01-05 16:58:06 UTC,3,Male,67,1724,2041
4597,2020-07-17,2020-07-24 18:47:24 UTC,3,Male,63,1549,2749
4598,2020-06-19,2020-06-26 06:06:19 UTC,14,Female,55,1848,2627
4599,2019-08-18,2019-08-25 05:23:27 UTC,9,Female,48,1451,2849
4600,2018-01-11,2018-01-18 03:44:45 UTC,5,Female,38,1638,2605
4601,2019-10-09,2019-10-16 00:12:40 UTC,15,Male,65,1278,2595
4602,2019-05-12,2019-05-19 09:42:49 UTC,20,Female,93,1950,2509
4603,2020-02-15,2020-02-22 02:03:00 UTC,15,Female,32,1070,2828
4604,2020-07-28,2020-08-04 05:11:09 UTC,7,Female,91,1083,2475
4605,2019-09-03,2019-09-10 20:01:24 UTC,5,Male,90,1035,2760
4606,2019-05-06,2019-05-13 07:37:23 UTC,11,Male,78,1158,2198
4607,2018-04-28,2018-05-05 13:00:01 UTC,8,Male,16,1651,2704
4608,2018-08-13,2018-08-20 13:29:32 UTC,17,Female,61,1082,2196
4609,2020-08-24,2020-08-31 16:28:32 UTC,2,Male,78,1483,2247
4610,2018-07-31,2018-08-07 13:07:28 UTC,5,Female,46,1317,2964
4611,2020-07-26,2020-08-02 17:41:15 UTC,18,Male,22,1614,2451
4612,2020-02-16,2020-02-23 02:55:58 UTC,17,Male,54,1180,2639
4613,2018-09-09,2018-09-16 04:50:01 UTC,18,Male,29,1424,2097
4614,2018-09-20,2018-09-27 20:18:05 UTC,9,Female,22,1569,2157
4615,2020-03-11,2020-03-18 18:26:46 UTC,1,Male,55,1399,2638
4616,2018-08-08,2018-08-15 04:03:12 UTC,4,Female,93,1834,2996
4617,2018-11-27,2018-12-04 05:51:23 UTC,19,Male,86,1476,2462
4618,2019-01-12,2019-01-19 15:31:10 UTC,12,Male,15,1981,2509
4619,2019-11-20,2019-11-27 08:41:38 UTC,8,Male,94,1491,2369
4620,2020-05-18,2020-05-25 13:00:40 UTC,13,Male,22,1781,2757
4621,2018-01-22,2018-01-29 07:45:51 UTC,17,Female,18,1713,2451
4622,2018-08-29,2018-09-05 08:37:22 UTC,13,Female,91,1262,2473
4623,2019-06-20,2019-06-27 12:01:25 UTC,8,Female,91,1165,2862
4624,2019-02-02,2019-02-09 23:32:46 UTC,8,Female,84,1436,2392
4625,2019-06-05,2019-06-12 18:11:53 UTC,7,Female,59,1089,2268
4626,2018-04-24,2018-05-01 03:37:25 UTC,19,Male,29,1596,2860
4627,2018-04-28,2018-05-05 03:29:05 UTC,6,Male,23,1074,2505
4628,2018-10-23,2018-10-30 06:12:20 UTC,20,Male,21,1317,2784
4629,2018-09-26,2018-10-03 08:53:22 UTC,4,Male,72,1964,2437
4630,2019-10-31,2019-11-07 18:48:13 UTC,11,Female,82,1880,2015
4631,2018-05-18,2018-05-25 19:03:41 UTC,20,Female,55,1373,2511
4632,2019-10-04,2019-10-11 03:19:57 UTC,20,Male,22,1597,2996
4633,2019-02-22,2019-03-01 12:10:34 UTC,19,Female,93,1632,2477
4634,2020-03-18,2020-03-25 07:04:51 UTC,7,Male,99,1644,2995
4635,2020-08-16,2020-08-23 04:33:01 UTC,9,Female,53,1063,2092
4636,2020-04-16,2020-04-23 18:24:19 UTC,12,Male,59,1647,2542
4637,2020-05-18,2020-05-25 04:28:56 UTC,15,Female,67,1963,2851
4638,2019-11-19,2019-11-26 20:38:49 UTC,3,Female,90,1630,2304
4639,2019-02-17,2019-02-24 21:58:15 UTC,17,Female,25,1112,2416
4640,2019-03-25,2019-04-01 12:03:42 UTC,3,Male,37,1269,2878
4641,2020-05-16,2020-05-23 04:07:46 UTC,20,Male,72,1392,2238
4642,2018-01-01,2018-01-08 07:23:04 UTC,10,Female,100,1987,2156
4643,2019-08-28,2019-09-04 18:27:06 UTC,4,Male,36,1548,2753
4644,2020-03-08,2020-03-15 02:02:28 UTC,13,Female,64,1918,2400
4645,2019-03-24,2019-03-31 13:27:35 UTC,9,Female,88,1412,2888
4646,2020-08-02,2020-08-09 03:11:25 UTC,16,Female,84,1535,2604
4647,2018-03-11,2018-03-18 18:10:30 UTC,16,Male,44,1882,2192
4648,2018-09-14,2018-09-21 01:56:18 UTC,14,Male,81,1863,2305
4649,2018-03-18,2018-03-25 14:55:50 UTC,19,Female,14,1367,2150
4650,2020-05-30,2020-06-06 16:05:46 UTC,20,Female,72,1706,2963
4651,2020-05-25,2020-06-01 21:35:39 UTC,2,Female,94,1284,2051
4652,2020-02-23,2020-03-01 20:35:52 UTC,11,Male,70,1869,2020
4653,2019-01-03,2019-01-10 12:14:45 UTC,2,Male,89,1385,2732
4654,2018-03-29,2018-04-05 04:26:04 UTC,11,Male,71,1262,2135
4655,2019-12-25,2020-01-01 22:49:24 UTC,20,Female,37,1076,2821
4656,2020-07-17,2020-07-24 13:04:27 UTC,17,Female,59,1318,2673
4657,2020-01-31,2020-02-07 04:38:52 UTC,8,Female,27,1571,2314
4658,2019-03-21,2019-03-28 22:52:45 UTC,4,Female,92,1555,2282
4659,2020-07-29,2020-08-05 19:15:13 UTC,1,Female,67,1048,2758
4660,2020-03-28,2020-04-04 01:57:36 UTC,20,Female,65,1830,2284
4661,2019-09-01,2019-09-08 01:32:04 UTC,11,Female,73,1191,2003
4662,2018-05-09,2018-05-16 01:00:36 UTC,10,Female,12,1997,2286
4663,2020-06-06,2020-06-13 07:15:17 UTC,19,Male,53,1811,2732
4664,2018-03-03,2018-03-10 19:40:38 UTC,2,Female,95,1334,2899
4665,2018-03-19,2018-03-26 13:17:00 UTC,19,Male,100,1546,2591
4666,2018-12-20,2018-12-27 19:24:17 UTC,2,Female,11,1644,2093
4667,2019-04-10,2019-04-17 06:39:50 UTC,6,Male,65,1652,2429
4668,2018-09-09,2018-09-16 17:28:11 UTC,8,Female,98,1310,2284
4669,2020-04-19,2020-04-26 03:38:50 UTC,12,Female,57,1607,2879
4670,2018-07-01,2018-07-08 22:11:08 UTC,3,Male,50,1984,2378
4671,2019-04-19,2019-04-26 13:39:17 UTC,5,Male,74,1735,2771
4672,2019-04-04,2019-04-11 06:40:48 UTC,16,Male,75,1001,2338
4673,2020-05-20,2020-05-27 01:23:25 UTC,17,Male,11,1476,2305
4674,2019-09-04,2019-09-11 17:37:53 UTC,9,Female,56,1632,2456
4675,2019-06-27,2019-07-04 04:46:54 UTC,3,Female,59,1017,2867
4676,2018-10-17,2018-10-24 17:16:24 UTC,18,Female,25,1310,2276
4677,2020-01-12,2020-01-19 21:17:39 UTC,14,Male,70,1141,2517
4678,2018-11-06,2018-11-13 10:47:29 UTC,9,Male,66,1547,2228
4679,2020-03-17,2020-03-24 18:41:53 UTC,1,Male,73,1831,2056
4680,2018-12-29,2019-01-05 19:53:33 UTC,5,Female,36,1720,2184
4681,2018-06-20,2018-06-27 08:55:46 UTC,7,Male,80,1014,2947
4682,2019-03-30,2019-04-06 18:24:09 UTC,18,Female,80,1102,2788
4683,2020-01-17,2020-01-24 07:08:50 UTC,10,Female,66,1429,2453
4684,2018-04-15,2018-04-22 12:03:46 UTC,8,Male,91,1295,2157
4685,2018-09-09,2018-09-16 09:37:11 UTC,3,Male,71,1448,2839
4686,2019-06-02,2019-06-09 22:15:52 UTC,14,Male,76,1433,2723
4687,2018-07-21,2018-07-28 07:02:35 UTC,3,Male,84,1172,2567
4688,2020-08-04,2020-08-11 22:04:14 UTC,17,Female,71,1971,2195
4689,2018-12-27,2019-01-03 03:43:39 UTC,13,Male,18,1119,2585
4690,2019-03-21,2019-03-28 07:57:03 UTC,6,Male,81,1147,2009
4691,2018-10-10,2018-10-17 11:12:43 UTC,16,Female,48,1448,2971
4692,2018-04-02,2018-04-09 00:44:43 UTC,1,Male,95,1377,2803
4693,2018-09-14,2018-09-21 03:42:10 UTC,16,Male,40,1110,2832
4694,2019-03-13,2019-03-20 10:04:21 UTC,12,Female,87,1934,2581
4695,2019-04-07,2019-04-14 22:09:38 UTC,10,Female,73,1532,2331
4696,2018-03-18,2018-03-25 23:14:20 UTC,15,Female,75,1382,2085
4697,2018-09-07,2018-09-14 00:50:02 UTC,17,Male,92,1049,2254
4698,2020-02-22,2020-02-29 16:08:02 UTC,15,Male,50,1206,2548
4699,2020-04-12,2020-04-19 04:51:15 UTC,18,Male,93,1954,2510
4700,2019-04-24,2019-05-01 04:16:46 UTC,19,Male,11,1477,2480
4701,2018-05-11,2018-05-18 03:04:25 UTC,13,Male,94,1645,2799
4702,2019-02-05,2019-02-12 23:53:38 UTC,17,Male,82,1935,2614
4703,2019-12-03,2019-12-10 02:04:54 UTC,10,Male,48,1719,2718
4704,2019-03-23,2019-03-30 17:08:43 UTC,1,Male,37,1146,2533
4705,2018-08-11,2018-08-18 02:26:31 UTC,10,Female,36,1417,2713
4706,2018-01-02,2018-01-09 19:01:07 UTC,9,Male,62,1246,2910
4707,2019-07-13,2019-07-20 10:28:16 UTC,10,Male,52,1222,2607
4708,2019-05-15,2019-05-22 14:53:00 UTC,6,Male,62,1129,2130
4709,2019-06-11,2019-06-18 15:01:50 UTC,5,Female,17,1449,2801
4710,2019-05-01,2019-05-08 13:45:32 UTC,1,Male,80,1731,2932
4711,2018-10-27,2018-11-03 15:08:47 UTC,2,Female,36,1581,2814
4712,2018-05-26,2018-06-02 12:38:41 UTC,15,Male,75,1367,2340
4713,2018-10-11,2018-10-18 07:24:04 UTC,19,Female,45,1771,2376
4714,2019-08-17,2019-08-24 22:34:10 UTC,18,Male,28,1200,2076
4715,2019-04-03,2019-04-10 00:33:41 UTC,9,Male,98,1310,2655
4716,2019-06-30,2019-07-07 02:44:14 UTC,14,Female,66,1278,2704
4717,2020-03-18,2020-03-25 14:25:09 UTC,10,Male,34,1587,2521
4718,2018-07-11,2018-07-18 23:35:24 UTC,14,Female,35,1215,2280
4719,2020-04-23,2020-04-30 03:33:17 UTC,1,Male,26,1433,2671
4720,2020-01-03,2020-01-10 18:39:17 UTC,13,Female,36,1245,2120
4721,2020-07-24,2020-07-31 02:17:39 UTC,15,Female,15,1476,2069
4722,2020-06-28,2020-07-05 13:57:03 UTC,18,Male,61,1505,2935
4723,2020-03-02,2020-03-09 11:25:14 UTC,17,Male,60,1844,2522
4724,2018-10-28,2018-11-04 15:06:55 UTC,3,Female,10,1158,2209
4725,2018-03-14,2018-03-21 02:38:20 UTC,9,Male,67,1531,2309
4726,2018-06-18,2018-06-25 12:30:51 UTC,20,Female,91,1733,2832
4727,2019-02-05,2019-02-12 01:23:27 UTC,1,Male,19,1299,2605
4728,2019-06-23,2019-06-30 10:22:13 UTC,7,Male,35,1649,2566
4729,2018-09-07,2018-09-14 01:23:11 UTC,6,Male,43,1806,2052
4730,2018-09-14,2018-09-21 04:11:33 UTC,8,Female,23,1445,2572
4731,2020-08-13,2020-08-20 04:32:59 UTC,17,Female,22,1110,2535
4732,2018-06-15,2018-06-22 04:59:28 UTC,20,Female,24,1635,2611
4733,2020-03-06,2020-03-13 15:00:55 UTC,5,Male,62,1013,2376
4734,2019-05-02,2019-05-09 13:05:32 UTC,10,Female,88,1982,2401
4735,2018-08-13,2018-08-20 12:03:09 UTC,3,Female,87,1247,2400
4736,2020-06-12,2020-06-19 19:31:21 UTC,2,Male,61,1903,2403
4737,2018-06-17,2018-06-24 12:54:45 UTC,16,Male,73,1805,2466
4738,2019-08-15,2019-08-22 07:50:07 UTC,16,Female,55,1739,2497
4739,2019-03-04,2019-03-11 09:19:09 UTC,2,Female,60,1283,2019
4740,2018-09-09,2018-09-16 22:38:02 UTC,9,Male,61,1022,2272
4741,2020-02-01,2020-02-08 14:36:01 UTC,14,Male,81,1088,2978
4742,2020-05-16,2020-05-23 04:07:41 UTC,12,Male,65,1770,2162
4743,2018-10-22,2018-10-29 00:48:03 UTC,3,Male,89,1620,2646
4744,2018-05-07,2018-05-14 13:48:07 UTC,6,Male,23,1713,2128
4745,2020-01-21,2020-01-28 08:33:27 UTC,17,Male,20,1537,2912
4746,2018-06-05,2018-06-12 16:26:38 UTC,20,Male,85,1875,2082
4747,2018-07-19,2018-07-26 03:00:29 UTC,9,Male,30,1775,2524
4748,2019-11-08,2019-11-15 14:28:32 UTC,3,Male,59,1911,2969
4749,2018-07-05,2018-07-12 08:10:26 UTC,11,Male,45,1657,2885
4750,2020-07-05,2020-07-12 23:39:34 UTC,10,Female,70,1748,2835
4751,2020-02-27,2020-03-05 08:31:27 UTC,7,Male,84,1264,2525
4752,2018-08-05,2018-08-12 19:43:12 UTC,8,Male,56,1032,2451
4753,2018-09-14,2018-09-21 20:31:53 UTC,16,Male,21,1201,2835
4754,2018-02-07,2018-02-14 04:31:07 UTC,10,Male,43,1442,2180
4755,2020-04-13,2020-04-20 00:07:44 UTC,4,Female,55,1114,2060
4756,2019-07-22,2019-07-29 09:39:03 UTC,11,Female,31,1013,2075
4757,2019-07-22,2019-07-29 08:35:23 UTC,19,Male,38,1481,2022
4758,2018-01-25,2018-02-01 07:47:59 UTC,4,Male,67,1753,2776
4759,2018-05-06,2018-05-13 06:27:29 UTC,14,Male,49,1067,2996
4760,2019-02-03,2019-02-10 11:13:46 UTC,6,Male,70,1613,2622
4761,2019-07-02,2019-07-09 19:32:41 UTC,4,Female,79,1050,2001
4762,2020-01-12,2020-01-19 01:10:25 UTC,8,Male,42,1330,2974
4763,2019-01-05,2019-01-12 14:48:01 UTC,20,Male,31,1912,2987
4764,2019-08-23,2019-08-30 09:53:10 UTC,5,Female,36,1644,2517
4765,2018-06-26,2018-07-03 13:33:42 UTC,16,Female,10,1523,2414
4766,2018-10-08,2018-10-15 06:36:13 UTC,7,Male,81,1688,2910
4767,2019-06-16,2019-06-23 22:02:18 UTC,11,Male,88,1855,2881
4768,2018-10-10,2018-10-17 20:02:10 UTC,16,Female,58,1105,2543
4769,2018-05-07,2018-05-14 20:54:52 UTC,7,Male,83,1931,2797
4770,2018-10-31,2018-11-07 08:21:56 UTC,7,Male,77,1323,2098
4771,2018-01-20,2018-01-27 14:42:55 UTC,10,Female,82,1762,2395
4772,2018-03-07,2018-03-14 19:27:46 UTC,3,Male,36,1656,2105
4773,2019-04-21,2019-04-28 20:20:49 UTC,3,Male,53,1373,2808
4774,2020-06-13,2020-06-20 04:10:08 UTC,16,Male,10,1963,2147
4775,2020-07-03,2020-07-10 04:25:51 UTC,20,Female,92,1181,2507
4776,2019-12-30,2020-01-06 06:08:41 UTC,19,Female,30,1085,2380
4777,2020-04-24,2020-05-01 11:43:37 UTC,6,Male,11,1614,2675
4778,2018-11-26,2018-12-03 21:30:21 UTC,4,Male,88,1345,2498
4779,2019-12-25,2020-01-01 04:49:46 UTC,7,Male,87,1636,2561
4780,2018-11-08,2018-11-15 02:56:27 UTC,12,Female,38,1783,2504
4781,2018-05-22,2018-05-29 20:51:18 UTC,14,Female,56,1341,2501
4782,2019-11-08,2019-11-15 04:46:47 UTC,4,Male,37,1543,2948
4783,2018-08-09,2018-08-16 18:08:06 UTC,9,Female,90,1574,2008
4784,2018-09-21,2018-09-28 23:04:49 UTC,19,Female,14,1061,2319
4785,2020-01-22,2020-01-29 15:41:34 UTC,19,Male,81,1949,2686
4786,2018-10-20,2018-10-27 12:09:48 UTC,16,Male,84,1921,2374
4787,2020-02-12,2020-02-19 08:39:16 UTC,20,Female,53,1571,2906
4788,2018-02-07,2018-02-14 05:45:00 UTC,9,Male,92,1743,2322
4789,2018-02-02,2018-02-09 23:33:47 UTC,15,Female,87,1237,2104
4790,2020-03-04,2020-03-11 12:01:04 UTC,7,Male,26,1322,2892
4791,2019-12-20,2019-12-27 19:07:17 UTC,5,Male,80,2000,2986
4792,2019-10-24,2019-10-31 03:32:31 UTC,4,Male,43,1558,2208
4793,2019-01-16,2019-01-23 11:35:23 UTC,12,Female,98,1020,2543
4794,2018-03-19,2018-03-26 03:14:01 UTC,6,Male,82,1547,2920
4795,2020-03-14,2020-03-21 20:05:52 UTC,1,Male,92,1108,2016
4796,2020-08-27,2020-09-03 10:42:13 UTC,20,Male,15,1836,2816
4797,2019-07-31,2019-08-07 17:28:36 UTC,4,Male,44,1891,2684
4798,2020-04-12,2020-04-19 14:49:00 UTC,15,Male,39,1569,2750
4799,2018-06-22,2018-06-29 13:29:03 UTC,12,Female,64,1265,2972
4800,2018-07-15,2018-07-22 06:09:58 UTC,19,Male,88,1302,2552
4801,2020-03-01,2020-03-08 00:59:30 UTC,2,Male,64,1628,2148
4802,2018-12-13,2018-12-20 15:07:15 UTC,5,Male,55,1592,2620
4803,2019-10-05,2019-10-12 08:01:45 UTC,14,Male,54,1551,2445
4804,2018-11-23,2018-11-30 15:29:23 UTC,13,Male,60,1131,2127
4805,2018-03-15,2018-03-22 04:48:12 UTC,10,Male,83,1985,2800
4806,2018-02-26,2018-03-05 22:20:16 UTC,9,Male,14,1258,2956
4807,2018-10-16,2018-10-23 00:02:40 UTC,10,Male,50,1951,2584
4808,2018-07-27,2018-08-03 17:37:45 UTC,8,Female,41,1961,2294
4809,2020-03-02,2020-03-09 07:28:57 UTC,11,Female,39,1519,2309
4810,2018-10-15,2018-10-22 00:28:05 UTC,9,Male,80,1375,2848
4811,2019-08-29,2019-09-05 11:34:18 UTC,20,Male,66,1276,2041
4812,2019-09-19,2019-09-26 00:51:21 UTC,9,Male,48,1849,2208
4813,2019-03-18,2019-03-25 06:52:27 UTC,17,Female,78,1171,2060
4814,2020-06-23,2020-06-30 03:05:14 UTC,6,Female,70,1886,2828
4815,2018-01-24,2018-01-31 08:18:26 UTC,1,Male,87,1461,2745
4816,2019-08-06,2019-08-13 00:05:21 UTC,10,Female,16,1861,2094
4817,2019-10-23,2019-10-30 23:52:02 UTC,2,Female,85,1715,2859
4818,2020-01-20,2020-01-27 23:29:17 UTC,12,Female,44,1601,2810
4819,2018-08-21,2018-08-28 20:19:15 UTC,20,Male,75,1333,2943
4820,2019-11-01,2019-11-08 02:55:14 UTC,13,Female,11,1694,2236
4821,2019-08-27,2019-09-03 03:31:17 UTC,15,Female,97,1548,2215
4822,2019-09-11,2019-09-18 14:44:06 UTC,9,Female,16,1718,2389
4823,2018-02-15,2018-02-22 20:36:47 UTC,15,Male,24,1170,2856
4824,2018-12-25,2019-01-01 01:45:48 UTC,16,Female,17,1394,2253
4825,2018-11-11,2018-11-18 14:25:26 UTC,19,Female,28,1505,2099
4826,2018-03-01,2018-03-08 00:48:53 UTC,6,Male,84,1812,2612
4827,2020-07-07,2020-07-14 19:53:23 UTC,1,Female,93,1558,2859
4828,2019-01-28,2019-02-04 18:25:17 UTC,20,Male,80,1698,2011
4829,2018-12-16,2018-12-23 12:51:31 UTC,13,Female,50,1088,2653
4830,2020-03-21,2020-03-28 21:08:52 UTC,12,Male,14,1548,2170
4831,2020-03-22,2020-03-29 20:01:07 UTC,16,Female,98,1199,2707
4832,2018-03-31,2018-04-07 09:36:29 UTC,18,Male,97,1388,2996
4833,2020-01-12,2020-01-19 10:47:38 UTC,5,Male,20,2000,2045
4834,2020-01-25,2020-02-01 23:39:25 UTC,8,Female,70,1074,2751
4835,2019-01-16,2019-01-23 09:07:28 UTC,7,Female,41,1375,2421
4836,2020-01-09,2020-01-16 04:42:01 UTC,13,Male,93,1453,2751
4837,2019-12-10,2019-12-17 13:57:39 UTC,16,Male,42,1910,2193
4838,2019-07-20,2019-07-27 09:08:51 UTC,4,Male,11,1683,2650
4839,2019-12-08,2019-12-15 15:20:14 UTC,13,Male,85,1457,2097
4840,2019-09-05,2019-09-12 07:53:48 UTC,3,Male,35,1183,2064
4841,2020-08-25,2020-09-01 22:44:00 UTC,18,Female,100,1306,2169
4842,2018-03-02,2018-03-09 17:28:55 UTC,4,Female,56,1896,2868
4843,2019-07-07,2019-07-14 18:12:17 UTC,10,Female,54,1733,2112
4844,2019-09-03,2019-09-10 00:15:22 UTC,18,Male,22,1474,2730
4845,2020-04-17,2020-04-24 22:45:59 UTC,19,Female,49,1052,2742
4846,2019-03-04,2019-03-11 03:49:45 UTC,16,Male,29,1396,2250
4847,2018-02-24,2018-03-03 12:31:13 UTC,6,Female,58,1526,2305
4848,2020-03-01,2020-03-08 08:04:19 UTC,18,Male,53,1109,2615
4849,2018-03-01,2018-03-08 13:53:55 UTC,16,Female,51,1070,2829
4850,2020-01-18,2020-01-25 08:47:54 UTC,13,Female,81,1472,2400
4851,2020-03-12,2020-03-19 18:56:41 UTC,7,Female,61,1924,2953
4852,2020-08-13,2020-08-20 11:08:23 UTC,19,Female,43,1718,2321
4853,2019-06-10,2019-06-17 17:49:38 UTC,11,Male,52,1617,2784
4854,2019-11-10,2019-11-17 10:32:54 UTC,9,Male,47,1891,2159
4855,2019-09-05,2019-09-12 08:39:44 UTC,3,Male,43,1527,2153
4856,2019-11-05,2019-11-12 17:39:45 UTC,9,Male,11,1359,2653
4857,2020-06-02,2020-06-09 15:29:20 UTC,3,Female,83,1875,2576
4858,2019-06-10,2019-06-17 04:46:21 UTC,8,Female,18,1663,2642
4859,2020-06-15,2020-06-22 19:16:03 UTC,18,Female,43,1550,2416
4860,2020-05-23,2020-05-30 21:49:36 UTC,1,Male,56,1111,2562
4861,2019-12-11,2019-12-18 04:16:29 UTC,15,Male,59,1144,2721
4862,2019-07-21,2019-07-28 19:35:03 UTC,11,Female,87,1472,2086
4863,2020-04-30,2020-05-07 19:57:59 UTC,19,Female,18,1032,2659
4864,2020-05-03,2020-05-10 13:13:53 UTC,1,Male,77,1587,2608
4865,2019-08-22,2019-08-29 02:58:30 UTC,20,Male,60,1448,2305
4866,2020-05-24,2020-05-31 06:08:27 UTC,9,Male,49,1120,2912
4867,2019-09-26,2019-10-03 00:43:17 UTC,18,Male,69,1166,2585
4868,2019-01-14,2019-01-21 22:20:05 UTC,12,Male,13,1756,2622
4869,2020-02-24,2020-03-02 11:56:44 UTC,3,Female,33,1178,2740
4870,2020-06-05,2020-06-12 08:35:37 UTC,20,Female,44,1583,2995
4871,2020-03-01,2020-03-08 00:26:48 UTC,17,Male,30,1984,2555
4872,2020-02-04,2020-02-11 21:07:57 UTC,12,Male,97,1896,2229
4873,2019-11-18,2019-11-25 01:14:10 UTC,10,Male,35,1078,2154
4874,2019-03-28,2019-04-04 06:14:28 UTC,6,Female,55,1841,2327
4875,2019-10-23,2019-10-30 22:47:08 UTC,6,Female,49,1817,2603
4876,2020-02-17,2020-02-24 22:14:44 UTC,4,Female,87,1586,2894
4877,2018-10-17,2018-10-24 11:14:16 UTC,15,Female,26,1741,2578
4878,2019-04-25,2019-05-02 06:32:08 UTC,9,Male,100,1240,2305
4879,2020-02-10,2020-02-17 05:26:58 UTC,15,Male,20,1261,2130
4880,2019-03-23,2019-03-30 09:21:59 UTC,13,Male,67,1549,2726
4881,2018-12-19,2018-12-26 10:11:44 UTC,19,Female,35,1467,2746
4882,2019-09-08,2019-09-15 13:17:13 UTC,13,Female,33,1566,2098
4883,2019-01-27,2019-02-03 18:06:34 UTC,6,Male,59,1706,2136
4884,2019-08-31,2019-09-07 17:30:08 UTC,7,Male,64,1014,2720
4885,2019-11-15,2019-11-22 18:14:44 UTC,9,Male,34,1524,2529
4886,2020-01-29,2020-02-05 10:32:08 UTC,6,Male,52,1522,2280
4887,2018-06-27,2018-07-04 22:40:41 UTC,15,Female,77,1048,2445
4888,2019-07-13,2019-07-20 01:50:31 UTC,6,Female,11,1434,2050
4889,2019-04-08,2019-04-15 01:26:17 UTC,18,Male,18,1920,2890
4890,2020-03-23,2020-03-30 11:48:52 UTC,11,Male,47,1977,2185
4891,2018-06-27,2018-07-04 00:33:35 UTC,10,Male,72,1648,2968
4892,2020-06-27,2020-07-04 05:13:44 UTC,3,Female,82,1491,2202
4893,2019-04-18,2019-04-25 21:43:36 UTC,12,Male,42,1943,2510
4894,2018-11-11,2018-11-18 13:40:09 UTC,5,Female,95,1648,2427
4895,2019-12-31,2020-01-07 18:37:45 UTC,17,Male,72,1268,2219
4896,2019-05-08,2019-05-15 09:04:43 UTC,10,Male,59,1314,2417
4897,2019-11-30,2019-12-07 19:38:51 UTC,10,Male,58,1055,2095
4898,2019-11-08,2019-11-15 07:27:03 UTC,16,Female,26,1464,2528
4899,2018-05-15,2018-05-22 08:20:37 UTC,9,Female,27,1474,2134
4900,2020-06-02,2020-06-09 01:29:32 UTC,16,Male,80,1901,2769
4901,2020-06-20,2020-06-27 02:32:07 UTC,10,Male,81,1481,2717
4902,2018-06-10,2018-06-17 06:24:51 UTC,17,Male,59,1248,2848
4903,2018-09-24,2018-10-01 22:35:41 UTC,4,Female,92,1247,2970
4904,2018-06-28,2018-07-05 12:27:56 UTC,10,Female,64,1377,2028
4905,2018-10-17,2018-10-24 23:39:54 UTC,13,Male,13,1187,2840
4906,2020-03-17,2020-03-24 21:52:17 UTC,11,Female,14,1581,2520
4907,2020-01-13,2020-01-20 08:49:40 UTC,11,Female,42,1354,2956
4908,2018-01-06,2018-01-13 14:11:54 UTC,6,Male,16,1644,2029
4909,2020-07-09,2020-07-16 01:13:41 UTC,7,Male,99,1982,2442
4910,2020-04-24,2020-05-01 17:42:59 UTC,12,Female,69,1579,2502
4911,2019-07-26,2019-08-02 04:37:23 UTC,18,Male,65,1042,2270
4912,2020-08-20,2020-08-27 00:37:32 UTC,16,Female,60,1026,2837
4913,2019-06-11,2019-06-18 08:54:13 UTC,10,Female,62,1510,2877
4914,2020-03-27,2020-04-03 16:20:10 UTC,7,Female,24,1112,2772
4915,2019-06-28,2019-07-05 09:39:57 UTC,14,Female,77,1932,2755
4916,2018-07-23,2018-07-30 22:42:06 UTC,19,Female,51,1443,2553
4917,2020-02-28,2020-03-06 04:06:01 UTC,17,Male,66,1891,2688
4918,2019-01-30,2019-02-06 17:03:22 UTC,6,Male,97,1124,2806
4919,2018-02-10,2018-02-17 16:09:34 UTC,5,Female,94,1158,2123
4920,2019-09-16,2019-09-23 20:50:44 UTC,12,Male,29,1289,2951
4921,2020-06-08,2020-06-15 02:04:31 UTC,3,Male,21,1643,2096
4922,2019-08-13,2019-08-20 00:01:51 UTC,1,Female,88,1573,2383
4923,2020-01-27,2020-02-03 05:26:55 UTC,15,Male,45,1395,2858
4924,2018-06-24,2018-07-01 16:54:42 UTC,12,Male,73,1759,2108
4925,2019-12-13,2019-12-20 12:59:09 UTC,15,Female,36,1640,2875
4926,2019-09-22,2019-09-29 02:37:14 UTC,1,Female,86,1257,2181
4927,2019-03-03,2019-03-10 21:25:43 UTC,16,Male,28,1424,2401
4928,2019-09-16,2019-09-23 23:32:26 UTC,14,Male,51,1276,2071
4929,2018-04-18,2018-04-25 13:00:03 UTC,4,Male,43,1963,2185
4930,2018-03-10,2018-03-17 21:43:43 UTC,16,Male,23,1827,2451
4931,2020-05-27,2020-06-03 22:38:10 UTC,6,Male,17,1923,2588
4932,2018-08-26,2018-09-02 23:14:33 UTC,6,Female,78,1945,2863
4933,2018-02-16,2018-02-23 15:51:46 UTC,18,Female,33,1741,2641
4934,2018-11-17,2018-11-24 03:04:02 UTC,18,Female,48,1425,2286
4935,2020-04-14,2020-04-21 12:11:54 UTC,17,Male,79,1833,2921
4936,2020-03-04,2020-03-11 22:06:04 UTC,4,Female,11,1073,2366
4937,2019-01-31,2019-02-07 19:17:10 UTC,4,Female,85,1130,2167
4938,2018-06-15,2018-06-22 08:10:34 UTC,7,Male,89,1264,2504
4939,2020-04-21,2020-04-28 21:33:21 UTC,6,Female,85,1048,2259
4940,2018-12-19,2018-12-26 17:34:29 UTC,12,Female,74,1071,2803
4941,2019-02-13,2019-02-20 10:42:26 UTC,1,Male,23,1777,2895
4942,2018-01-20,2018-01-27 17:41:28 UTC,9,Male,85,1645,2560
4943,2019-10-09,2019-10-16 05:39:56 UTC,17,Female,51,1538,2352
4944,2019-01-13,2019-01-20 16:03:08 UTC,2,Female,10,1152,2695
4945,2020-08-01,2020-08-08 11:56:46 UTC,14,Male,94,1261,2426
4946,2019-06-27,2019-07-04 20:02:57 UTC,20,Female,47,1871,2166
4947,2019-01-09,2019-01-16 14:27:22 UTC,10,Female,94,1952,2678
4948,2019-09-02,2019-09-09 20:08:29 UTC,5,Male,88,1272,2885
4949,2020-05-24,2020-05-31 14:44:24 UTC,19,Male,32,1291,2315
4950,2018-07-04,2018-07-11 10:03:51 UTC,19,Male,55,1465,2283
4951,2019-03-01,2019-03-08 03:29:37 UTC,20,Female,12,1057,2393
4952,2019-05-03,2019-05-10 02:42:29 UTC,7,Male,81,1852,2606
4953,2020-03-06,2020-03-13 08:02:49 UTC,19,Female,33,1127,2118
4954,2019-08-12,2019-08-19 23:33:33 UTC,7,Female,41,1637,2563
4955,2018-04-29,2018-05-06 00:43:46 UTC,7,Female,76,1789,2059
4956,2020-02-26,2020-03-04 09:30:17 UTC,3,Female,78,1659,2928
4957,2019-12-18,2019-12-25 08:26:29 UTC,5,Male,39,1808,2528
4958,2018-09-12,2018-09-19 20:26:16 UTC,14,Female,94,1430,2911
4959,2019-09-09,2019-09-16 17:09:46 UTC,20,Female,10,1421,2719
4960,2018-05-02,2018-05-09 15:41:36 UTC,3,Female,38,1643,2981
4961,2018-05-23,2018-05-30 17:39:34 UTC,3,Female,41,1512,2527
4962,2019-03-14,2019-03-21 04:48:05 UTC,9,Male,99,1450,2987
4963,2019-09-18,2019-09-25 08:25:29 UTC,3,Male,53,1596,2946
4964,2019-11-18,2019-11-25 10:33:02 UTC,20,Female,58,1862,2150
4965,2020-08-05,2020-08-12 13:46:30 UTC,18,Female,87,1101,2741
4966,2019-05-05,2019-05-12 05:54:58 UTC,1,Female,74,1350,2056
4967,2018-05-19,2018-05-26 07:00:26 UTC,20,Male,56,1823,2112
4968,2018-08-20,2018-08-27 16:16:54 UTC,7,Male,18,1515,2299
4969,2018-02-28,2018-03-07 14:12:42 UTC,12,Male,80,1434,2243
4970,2018-03-11,2018-03-18 20:27:50 UTC,13,Female,89,1104,2881
4971,2018-07-10,2018-07-17 09:20:03 UTC,6,Female,90,1549,2856
4972,2019-10-04,2019-10-11 12:37:50 UTC,6,Male,50,1068,2058
4973,2019-05-20,2019-05-27 19:36:25 UTC,18,Female,10,1044,2640
4974,2020-06-19,2020-06-26 14:52:41 UTC,4,Female,81,1221,2948
4975,2018-04-02,2018-04-09 06:39:05 UTC,14,Female,74,1709,2262
4976,2019-10-18,2019-10-25 00:26:01 UTC,3,Female,13,1546,2425
4977,2018-01-10,2018-01-17 18:24:19 UTC,14,Male,28,1005,2904
4978,2019-04-16,2019-04-23 18:43:19 UTC,3,Female,49,1641,2803
4979,2020-04-06,2020-04-13 12:46:34 UTC,19,Female,90,1957,2726
4980,2018-10-14,2018-10-21 22:12:00 UTC,13,Male,94,1940,2599
4981,2019-11-25,2019-12-02 12:17:00 UTC,10,Male,14,1886,2897
4982,2020-08-20,2020-08-27 11:57:55 UTC,13,Male,69,1084,2460
4983,2020-05-25,2020-06-01 09:52:19 UTC,15,Female,26,1334,2307
4984,2019-01-07,2019-01-14 14:45:11 UTC,14,Female,11,1178,2019
4985,2020-05-04,2020-05-11 01:45:50 UTC,18,Male,10,1830,2511
4986,2018-10-30,2018-11-06 17:44:28 UTC,17,Male,52,1280,2844
4987,2019-04-18,2019-04-25 18:02:06 UTC,20,Male,100,1809,2438
4988,2018-02-13,2018-02-20 19:48:25 UTC,13,Male,93,1771,3000
4989,2019-06-05,2019-06-12 06:39:02 UTC,9,Male,38,1971,2963
4990,2019-02-17,2019-02-24 00:26:48 UTC,8,Female,77,1772,2124
4991,2018-01-31,2018-02-07 03:24:53 UTC,11,Female,61,1196,2852
4992,2020-05-17,2020-05-24 21:30:30 UTC,16,Male,75,1678,2918
4993,2020-05-30,2020-06-06 22:33:19 UTC,5,Female,79,1837,2806
4994,2020-08-16,2020-08-23 05:05:49 UTC,14,Female,14,1532,2689
4995,2020-04-22,2020-04-29 16:47:34 UTC,8,Female,73,1398,2456
4996,2020-01-24,2020-01-31 22:23:10 UTC,9,Male,77,1671,2249
4997,2018-02-08,2018-02-15 21:24:10 UTC,17,Female,39,1831,2838
4998,2020-08-01,2020-08-08 10:31:54 UTC,8,Male,60,1448,2160
4999,2019-03-07,2019-03-14 02:21:32 UTC,9,Male,96,1071,2786
5000,2018-01-15,2018-01-22 12:24:26 UTC,10,Male,17,1886,2496
