id,fechaInicio,duracion,cantidad,tipo,cliente
1,2020-02-09,11,18,APARTAMENTO,3433
2,2018-12-03,3,28,APARTAMENTO,3977
3,2019-02-13,27,8,APARTAMENTO,3209
4,2018-10-18,17,34,HABITACION,3452
5,2018-12-04,2,12,HABITACION,3329
6,2019-12-05,2,8,HABITACION,3032
7,2018-12-25,24,35,APARTAMENTO,3286
8,2019-10-28,7,26,APARTAMENTO,3234
9,2020-01-26,4,15,APARTAMENTO,3082
10,2018-10-30,25,1,HABITACION,3176
11,2020-03-08,25,19,HABITACION,3014
12,2019-11-21,3,18,HABITACION,3881
13,2019-03-24,24,23,HABITACION,3618
14,2019-04-04,13,4,HABITACION,3206
15,2020-03-04,28,37,APARTAMENTO,3483
16,2019-09-03,7,1,HABITACION,3408
17,2018-10-31,21,3,HABITACION,3915
18,2018-12-11,22,13,APARTAMENTO,3636
19,2019-05-11,16,2,APARTAMENTO,3960
20,2019-11-09,5,23,HABITACION,3072
21,2020-01-21,13,37,HABITACION,3624
22,2019-06-16,19,5,APARTAMENTO,3964
23,2019-06-24,14,16,HABITACION,3721
24,2019-03-14,20,14,HABITACION,3205
25,2018-12-15,5,2,APARTAMENTO,3739
26,2019-08-06,30,26,APARTAMENTO,3725
27,2019-10-01,3,3,APARTAMENTO,3944
28,2019-03-21,10,1,APARTAMENTO,3435
29,2019-07-25,7,6,HABITACION,3612
30,2020-05-07,8,29,APARTAMENTO,3552
31,2019-05-25,18,5,APARTAMENTO,3241
32,2018-12-17,23,21,HABITACION,3330
33,2019-02-05,7,32,APARTAMENTO,3065
34,2018-12-13,6,16,APARTAMENTO,3334
35,2020-04-27,14,27,HABITACION,3013
36,2019-05-09,11,4,HABITACION,3013
37,2019-05-12,10,17,APARTAMENTO,3753
38,2019-09-08,4,13,HABITACION,3173
39,2019-10-24,28,7,HABITACION,3542
40,2019-01-08,3,23,APARTAMENTO,3200
41,2019-09-12,5,5,HABITACION,3301
42,2019-03-03,25,33,HABITACION,3905
43,2019-04-02,28,29,HABITACION,3074
44,2018-12-17,25,21,HABITACION,3105
45,2019-05-06,8,20,HABITACION,3628
46,2019-02-26,29,16,HABITACION,3200
47,2020-05-20,13,3,HABITACION,3986
48,2019-10-16,9,16,APARTAMENTO,3336
49,2019-05-10,23,30,APARTAMENTO,3659
50,2020-01-22,15,22,HABITACION,3968
51,2019-10-19,15,11,APARTAMENTO,3585
52,2019-11-04,2,7,APARTAMENTO,3733
53,2019-08-04,20,14,APARTAMENTO,3896
54,2019-09-06,12,29,HABITACION,3956
55,2019-12-29,3,23,HABITACION,3904
56,2020-05-01,28,26,APARTAMENTO,3853
57,2020-01-13,5,26,HABITACION,3608
58,2019-10-17,8,18,HABITACION,3403
59,2019-02-11,8,11,APARTAMENTO,3226
60,2019-02-24,12,25,APARTAMENTO,3127
61,2019-07-28,1,15,APARTAMENTO,3011
62,2019-03-18,19,16,APARTAMENTO,3092
63,2019-11-25,25,1,HABITACION,3216
64,2018-11-12,13,11,HABITACION,3938
65,2019-06-29,13,10,APARTAMENTO,3778
66,2019-05-31,7,40,APARTAMENTO,3214
67,2019-11-12,3,11,HABITACION,3506
68,2019-08-21,26,26,HABITACION,3423
69,2020-04-24,15,32,HABITACION,3036
70,2018-11-17,28,19,HABITACION,3346
71,2019-11-06,14,24,APARTAMENTO,3210
72,2020-05-04,27,38,HABITACION,3346
73,2019-12-22,23,31,APARTAMENTO,3294
74,2019-01-17,1,27,APARTAMENTO,3139
75,2019-09-05,11,39,APARTAMENTO,3748
76,2019-05-26,30,23,APARTAMENTO,3979
77,2019-04-22,13,37,HABITACION,3782
78,2019-03-20,27,25,HABITACION,3104
79,2019-04-25,28,29,APARTAMENTO,3700
80,2019-01-28,27,30,APARTAMENTO,3209
81,2020-02-25,8,40,HABITACION,3661
82,2019-03-27,11,9,HABITACION,3792
83,2020-03-26,6,17,HABITACION,3570
84,2019-05-06,18,19,HABITACION,3753
85,2020-03-21,26,36,HABITACION,3522
86,2019-03-15,20,8,APARTAMENTO,3026
87,2018-12-06,22,31,APARTAMENTO,3140
88,2019-04-06,11,3,APARTAMENTO,3703
89,2020-05-04,25,31,HABITACION,3931
90,2019-09-08,26,11,HABITACION,3109
91,2019-03-21,25,2,HABITACION,3916
92,2019-02-09,13,35,APARTAMENTO,3739
93,2019-07-12,18,6,HABITACION,3115
94,2020-05-12,23,18,APARTAMENTO,3087
95,2019-10-27,4,13,APARTAMENTO,3150
96,2019-02-18,19,39,APARTAMENTO,3291
97,2019-12-23,9,19,APARTAMENTO,3428
98,2019-07-30,22,11,HABITACION,3879
99,2019-11-03,4,15,HABITACION,3726
100,2019-06-25,3,27,HABITACION,3192
101,2018-12-24,16,27,HABITACION,3529
102,2018-11-13,7,34,APARTAMENTO,3700
103,2019-10-02,24,14,HABITACION,3584
104,2018-10-21,23,6,APARTAMENTO,3559
105,2018-12-26,1,10,APARTAMENTO,3707
106,2019-06-25,20,12,APARTAMENTO,3202
107,2018-10-23,14,7,HABITACION,3354
108,2018-11-30,21,18,HABITACION,3292
109,2019-12-11,26,31,APARTAMENTO,3936
110,2019-06-27,26,16,APARTAMENTO,3172
111,2020-01-17,19,23,HABITACION,3956
112,2019-12-18,23,9,HABITACION,3054
113,2020-04-24,26,6,APARTAMENTO,3875
114,2018-11-03,4,36,APARTAMENTO,3647
115,2018-11-10,29,28,HABITACION,3056
116,2019-12-23,10,36,HABITACION,3910
117,2019-05-18,30,22,HABITACION,3666
118,2019-10-25,3,27,HABITACION,3483
119,2019-06-11,13,13,APARTAMENTO,3005
120,2020-05-09,26,36,APARTAMENTO,3932
121,2020-01-13,13,3,HABITACION,3274
122,2020-05-18,5,31,APARTAMENTO,3829
123,2020-04-26,20,11,HABITACION,3613
124,2020-03-17,12,36,APARTAMENTO,3064
125,2019-08-30,10,2,APARTAMENTO,3172
126,2020-03-31,16,1,APARTAMENTO,3190
127,2019-10-03,25,22,APARTAMENTO,3604
128,2019-05-20,12,21,HABITACION,3234
129,2019-05-07,28,7,HABITACION,3034
130,2019-12-08,4,29,APARTAMENTO,3038
131,2019-01-23,25,27,APARTAMENTO,3349
132,2019-10-23,4,29,HABITACION,3128
133,2018-12-21,19,12,APARTAMENTO,3185
134,2019-09-12,6,31,HABITACION,3907
135,2019-12-03,14,28,APARTAMENTO,3740
136,2020-05-13,24,15,APARTAMENTO,3065
137,2019-04-07,4,1,HABITACION,3138
138,2019-10-21,2,39,APARTAMENTO,3225
139,2020-03-06,11,37,HABITACION,3022
140,2020-05-04,14,5,APARTAMENTO,3718
141,2019-06-02,8,18,HABITACION,3268
142,2019-02-19,29,21,APARTAMENTO,3591
143,2019-03-24,23,23,HABITACION,3234
144,2020-03-20,17,9,HABITACION,3433
145,2019-09-07,26,18,HABITACION,3407
146,2019-09-04,30,26,APARTAMENTO,3584
147,2019-12-27,24,25,HABITACION,3615
148,2019-12-19,22,27,APARTAMENTO,3023
149,2019-05-13,21,15,HABITACION,3610
150,2019-11-12,4,18,APARTAMENTO,3578
151,2019-05-13,13,22,HABITACION,3976
152,2020-03-30,15,8,HABITACION,3660
153,2019-08-23,23,15,APARTAMENTO,3900
154,2018-10-21,25,11,APARTAMENTO,3235
155,2019-07-02,16,15,HABITACION,3133
156,2020-01-16,19,30,HABITACION,3751
157,2020-02-17,4,28,APARTAMENTO,3575
158,2019-10-12,21,34,HABITACION,3134
159,2018-11-09,24,9,APARTAMENTO,3362
160,2018-12-28,1,35,APARTAMENTO,3543
161,2020-03-30,12,33,HABITACION,3040
162,2019-12-11,30,15,HABITACION,3701
163,2019-05-05,5,8,APARTAMENTO,3539
164,2019-01-09,24,3,HABITACION,3208
165,2019-10-20,27,21,APARTAMENTO,3796
166,2020-02-07,8,13,HABITACION,3756
167,2018-11-01,22,12,HABITACION,3284
168,2019-06-11,10,18,APARTAMENTO,3085
169,2019-09-25,25,21,HABITACION,3701
170,2019-06-20,27,39,APARTAMENTO,3756
171,2020-05-02,19,37,APARTAMENTO,3953
172,2018-12-30,9,10,HABITACION,3201
173,2019-02-02,8,37,APARTAMENTO,3816
174,2020-03-03,22,22,HABITACION,3086
175,2018-11-28,25,36,APARTAMENTO,3242
176,2018-11-14,30,24,HABITACION,3893
177,2020-03-16,13,28,APARTAMENTO,3579
178,2019-08-12,3,16,HABITACION,3915
179,2019-01-09,7,15,APARTAMENTO,3163
180,2018-12-15,25,21,APARTAMENTO,3700
181,2019-02-13,5,39,HABITACION,3111
182,2020-05-15,7,24,APARTAMENTO,3183
183,2019-03-28,24,5,HABITACION,3508
184,2019-12-03,10,32,APARTAMENTO,3492
185,2020-04-28,3,3,HABITACION,3338
186,2018-11-21,7,17,APARTAMENTO,3653
187,2019-05-05,21,34,APARTAMENTO,3946
188,2019-09-16,28,17,APARTAMENTO,3390
189,2019-02-09,23,32,HABITACION,3643
190,2018-12-18,13,2,HABITACION,3743
191,2019-09-05,17,38,HABITACION,3574
192,2018-10-31,26,10,APARTAMENTO,3755
193,2019-06-17,20,18,APARTAMENTO,3657
194,2020-05-10,15,27,APARTAMENTO,3075
195,2019-05-13,7,8,APARTAMENTO,3139
196,2018-10-16,29,17,APARTAMENTO,3859
197,2019-04-23,15,22,HABITACION,3553
198,2019-08-13,24,38,APARTAMENTO,3668
199,2019-06-05,19,17,APARTAMENTO,3020
200,2020-01-18,5,12,HABITACION,3459
201,2019-05-24,18,4,HABITACION,3358
202,2018-11-29,3,20,HABITACION,3022
203,2019-10-11,3,27,APARTAMENTO,3618
204,2018-11-01,29,9,HABITACION,3179
205,2019-11-30,12,22,HABITACION,3501
206,2020-04-24,8,14,APARTAMENTO,3985
207,2019-10-01,16,28,APARTAMENTO,3861
208,2020-04-27,29,27,HABITACION,3104
209,2019-12-14,18,31,APARTAMENTO,3567
210,2020-03-03,7,18,HABITACION,3096
211,2020-01-15,16,14,HABITACION,3790
212,2019-10-13,2,31,APARTAMENTO,3876
213,2019-03-18,2,2,HABITACION,3857
214,2019-08-08,6,22,APARTAMENTO,3267
215,2019-09-19,22,1,HABITACION,3448
216,2020-05-20,28,19,HABITACION,3503
217,2019-11-02,7,19,APARTAMENTO,3622
218,2019-04-14,29,34,HABITACION,3491
219,2019-05-29,3,35,APARTAMENTO,3225
220,2019-10-16,1,32,HABITACION,3239
221,2019-11-16,9,19,APARTAMENTO,3836
222,2019-05-14,18,17,HABITACION,3327
223,2020-02-02,29,38,APARTAMENTO,3250
224,2020-05-10,4,15,HABITACION,3568
225,2019-01-12,25,21,HABITACION,3189
226,2019-06-15,20,37,HABITACION,3352
227,2019-09-01,22,3,APARTAMENTO,3055
228,2019-07-05,19,30,HABITACION,3270
229,2019-10-08,27,20,HABITACION,3647
230,2019-04-27,1,36,APARTAMENTO,3185
231,2019-04-17,20,1,HABITACION,3279
232,2020-01-18,27,25,HABITACION,3469
233,2019-09-11,3,14,APARTAMENTO,3247
234,2018-11-21,24,31,HABITACION,3636
235,2020-05-02,29,36,APARTAMENTO,3121
236,2018-12-25,9,29,APARTAMENTO,3712
237,2019-02-18,8,32,APARTAMENTO,3195
238,2019-04-26,1,38,APARTAMENTO,3008
239,2019-10-02,27,26,HABITACION,3595
240,2019-06-25,24,28,APARTAMENTO,3454
241,2019-11-04,15,10,APARTAMENTO,3956
242,2019-01-13,1,28,HABITACION,3922
243,2019-02-26,26,5,APARTAMENTO,3152
244,2018-11-19,8,22,HABITACION,3368
245,2018-12-28,14,35,HABITACION,3209
246,2019-09-13,13,38,HABITACION,3528
247,2019-03-03,11,10,HABITACION,3488
248,2019-05-30,7,26,APARTAMENTO,3075
249,2020-05-09,9,27,APARTAMENTO,3800
250,2019-07-15,2,21,HABITACION,3189
251,2019-12-02,7,25,APARTAMENTO,3832
252,2020-02-08,24,39,APARTAMENTO,3624
253,2019-03-16,15,28,APARTAMENTO,3504
254,2019-02-28,18,6,APARTAMENTO,3050
255,2019-04-15,1,34,APARTAMENTO,3042
256,2019-05-26,26,27,APARTAMENTO,3165
257,2018-11-17,5,5,HABITACION,3799
258,2019-10-25,24,36,APARTAMENTO,3612
259,2018-12-02,27,30,APARTAMENTO,3440
260,2019-09-26,8,24,APARTAMENTO,3944
261,2019-05-30,14,6,APARTAMENTO,3498
262,2019-10-18,4,24,APARTAMENTO,3810
263,2019-04-18,1,26,APARTAMENTO,3876
264,2020-02-20,14,27,APARTAMENTO,3638
265,2019-04-28,30,3,HABITACION,3642
266,2020-03-24,10,20,APARTAMENTO,3843
267,2019-07-01,13,25,HABITACION,3271
268,2019-08-13,23,31,HABITACION,3264
269,2019-01-09,13,15,APARTAMENTO,3466
270,2019-05-25,16,4,APARTAMENTO,3262
271,2019-04-21,2,25,HABITACION,3690
272,2019-11-11,30,29,HABITACION,3628
273,2019-03-13,9,8,HABITACION,3841
274,2019-10-19,19,14,HABITACION,3880
275,2020-04-28,11,12,APARTAMENTO,3214
276,2019-09-21,16,2,APARTAMENTO,3293
277,2019-01-14,30,4,HABITACION,3256
278,2020-02-04,21,34,HABITACION,3497
279,2019-03-19,30,6,HABITACION,3618
280,2019-10-26,17,37,APARTAMENTO,3260
281,2019-08-04,28,22,APARTAMENTO,3089
282,2019-12-14,7,8,HABITACION,3954
283,2019-08-08,29,39,APARTAMENTO,3437
284,2019-11-09,30,27,HABITACION,3619
285,2018-10-27,3,11,HABITACION,3418
286,2018-11-24,24,10,HABITACION,3117
287,2020-01-21,14,35,HABITACION,3984
288,2019-01-31,6,7,HABITACION,3266
289,2019-02-05,7,24,APARTAMENTO,3916
290,2018-11-02,5,23,APARTAMENTO,3141
291,2019-01-25,7,37,HABITACION,3127
292,2019-03-30,21,33,APARTAMENTO,3782
293,2018-12-04,20,4,HABITACION,3828
294,2020-01-14,30,36,HABITACION,3840
295,2018-12-01,19,10,HABITACION,3350
296,2020-03-01,30,28,APARTAMENTO,3702
297,2018-11-19,6,22,HABITACION,3802
298,2019-01-28,8,38,APARTAMENTO,3451
299,2019-07-08,18,26,HABITACION,3578
300,2020-01-31,23,33,HABITACION,3560
301,2019-11-02,24,1,HABITACION,3707
302,2020-03-06,22,5,APARTAMENTO,3864
303,2019-07-10,17,17,APARTAMENTO,3878
304,2018-12-01,5,21,APARTAMENTO,3049
305,2019-04-24,20,11,HABITACION,3951
306,2019-10-01,19,38,HABITACION,3712
307,2019-01-15,13,11,HABITACION,3607
308,2018-11-29,13,9,HABITACION,3938
309,2019-03-21,27,15,APARTAMENTO,3780
310,2019-01-29,3,8,HABITACION,3962
311,2019-07-26,19,10,APARTAMENTO,3500
312,2019-07-21,17,2,HABITACION,3481
313,2019-08-27,2,30,HABITACION,3817
314,2019-09-17,28,4,HABITACION,3771
315,2018-11-27,17,36,HABITACION,3024
316,2019-08-20,6,21,HABITACION,3283
317,2018-12-13,16,27,APARTAMENTO,3647
318,2020-05-11,21,8,HABITACION,3085
319,2019-03-03,23,39,APARTAMENTO,3781
320,2019-04-16,22,33,APARTAMENTO,3476
321,2020-04-18,14,9,HABITACION,3283
322,2019-08-01,30,19,HABITACION,3284
323,2019-01-08,12,1,APARTAMENTO,3575
324,2019-10-20,25,4,HABITACION,3316
325,2019-09-19,12,15,APARTAMENTO,3531
326,2019-12-25,3,26,HABITACION,3594
327,2019-09-02,12,18,HABITACION,3830
328,2019-04-19,10,25,HABITACION,3714
329,2019-07-21,2,23,APARTAMENTO,3835
330,2019-10-05,17,11,APARTAMENTO,3827
331,2020-04-30,21,12,HABITACION,3887
332,2018-11-07,4,3,APARTAMENTO,3997
333,2019-05-18,12,1,APARTAMENTO,3288
334,2020-03-04,16,34,HABITACION,3850
335,2019-04-01,4,27,HABITACION,3234
336,2019-12-25,5,30,HABITACION,3328
337,2019-09-10,18,37,HABITACION,3886
338,2020-01-10,7,5,HABITACION,3342
339,2019-06-25,3,39,APARTAMENTO,3251
340,2019-08-19,17,16,HABITACION,3185
341,2019-01-04,10,20,APARTAMENTO,3043
342,2019-03-29,27,5,APARTAMENTO,3208
343,2019-07-19,26,10,HABITACION,3247
344,2019-09-24,12,9,HABITACION,3688
345,2019-05-12,10,9,HABITACION,3058
346,2019-09-24,27,24,HABITACION,3207
347,2018-10-30,22,9,HABITACION,3066
348,2019-03-24,11,23,HABITACION,3505
349,2020-02-13,22,26,APARTAMENTO,3823
350,2020-04-20,9,23,APARTAMENTO,3537
351,2019-01-24,13,28,HABITACION,3126
352,2020-04-24,21,18,HABITACION,3797
353,2019-11-08,8,9,HABITACION,3315
354,2019-05-09,23,40,APARTAMENTO,3254
355,2018-11-06,15,39,HABITACION,3116
356,2019-09-08,2,1,HABITACION,3764
357,2020-03-22,7,30,APARTAMENTO,3057
358,2020-04-02,11,16,HABITACION,3764
359,2019-01-03,11,31,HABITACION,3333
360,2020-01-15,19,17,HABITACION,3130
361,2018-11-11,8,40,HABITACION,3462
362,2019-01-19,18,5,APARTAMENTO,3552
363,2019-12-10,12,11,HABITACION,3723
364,2019-12-11,8,20,APARTAMENTO,3094
365,2018-11-04,19,25,HABITACION,3763
366,2020-04-25,29,17,HABITACION,3184
367,2019-02-10,7,30,APARTAMENTO,3074
368,2018-11-30,7,24,HABITACION,3432
369,2019-07-01,16,28,APARTAMENTO,3156
370,2019-08-04,1,13,HABITACION,3225
371,2019-08-28,23,37,HABITACION,3188
372,2018-12-06,7,17,HABITACION,3830
373,2019-01-02,8,18,APARTAMENTO,3811
374,2019-12-18,29,29,APARTAMENTO,3769
375,2019-06-15,19,36,HABITACION,3253
376,2019-08-09,12,11,APARTAMENTO,3212
377,2020-04-22,9,14,APARTAMENTO,3736
378,2019-12-16,1,3,HABITACION,3938
379,2019-06-12,2,17,HABITACION,3916
380,2019-06-09,12,33,APARTAMENTO,3663
381,2019-10-11,28,14,APARTAMENTO,3017
382,2019-03-15,4,23,APARTAMENTO,3603
383,2019-10-07,24,1,APARTAMENTO,3440
384,2019-10-12,1,28,HABITACION,3925
385,2020-04-19,18,2,HABITACION,3398
386,2019-09-27,16,5,HABITACION,3298
387,2019-07-25,3,33,HABITACION,3897
388,2019-07-27,29,20,APARTAMENTO,3390
389,2019-10-21,9,30,HABITACION,3695
390,2020-02-05,27,11,APARTAMENTO,3003
391,2020-02-18,2,38,HABITACION,3414
392,2019-07-15,26,38,APARTAMENTO,3072
393,2019-12-31,24,13,APARTAMENTO,3717
394,2019-12-14,4,13,HABITACION,3731
395,2019-03-18,30,39,APARTAMENTO,3953
396,2019-05-30,8,10,HABITACION,3400
397,2019-08-13,8,13,HABITACION,3363
398,2019-02-11,21,19,HABITACION,3866
399,2019-12-04,13,2,APARTAMENTO,3137
400,2019-03-05,10,25,HABITACION,3889
401,2019-03-01,12,22,APARTAMENTO,3597
402,2019-06-13,4,25,APARTAMENTO,3078
403,2020-05-09,2,36,HABITACION,3342
404,2020-05-13,7,6,APARTAMENTO,3227
405,2019-01-23,16,39,HABITACION,3669
406,2020-03-02,2,2,APARTAMENTO,3348
407,2018-10-22,26,23,APARTAMENTO,3258
408,2020-05-13,22,21,HABITACION,3236
409,2019-06-26,28,22,APARTAMENTO,3490
410,2018-10-29,11,15,HABITACION,3398
411,2018-11-16,19,23,HABITACION,3714
412,2019-12-25,21,18,APARTAMENTO,3382
413,2018-12-21,11,37,HABITACION,3154
414,2019-03-21,11,19,APARTAMENTO,3790
415,2020-05-01,27,27,APARTAMENTO,3136
416,2019-09-20,20,10,HABITACION,3738
417,2019-07-13,29,14,APARTAMENTO,3939
418,2018-12-29,14,29,HABITACION,3239
419,2018-12-01,28,9,APARTAMENTO,3064
420,2018-11-18,14,30,APARTAMENTO,3903
421,2019-02-04,30,21,APARTAMENTO,3057
422,2020-03-02,3,19,HABITACION,3290
423,2020-05-22,14,32,HABITACION,3348
424,2019-11-03,1,33,APARTAMENTO,3584
425,2019-10-30,4,32,APARTAMENTO,3527
426,2019-11-22,17,27,HABITACION,3466
427,2020-03-26,17,5,HABITACION,3512
428,2019-11-06,16,19,HABITACION,3514
429,2018-12-07,5,20,HABITACION,3564
430,2020-04-06,24,36,HABITACION,3185
431,2020-01-29,21,14,APARTAMENTO,3887
432,2019-05-28,25,29,HABITACION,3588
433,2019-09-21,17,6,HABITACION,3822
434,2020-04-17,19,7,HABITACION,3854
435,2019-05-13,21,1,APARTAMENTO,3623
436,2019-07-15,6,5,HABITACION,3436
437,2019-02-10,8,29,HABITACION,3388
438,2020-04-19,10,18,HABITACION,3744
439,2020-04-10,2,14,APARTAMENTO,3008
440,2019-12-06,16,19,HABITACION,3178
441,2019-04-27,23,29,HABITACION,3225
442,2019-04-28,22,34,APARTAMENTO,3920
443,2018-12-20,19,16,HABITACION,3468
444,2020-02-05,9,18,APARTAMENTO,3257
445,2019-07-11,9,2,APARTAMENTO,3311
446,2019-03-16,6,27,APARTAMENTO,3720
447,2020-05-21,16,12,HABITACION,3806
448,2020-03-11,18,24,HABITACION,3628
449,2019-09-03,10,27,APARTAMENTO,3681
450,2020-05-19,6,16,APARTAMENTO,3081
451,2019-01-20,18,15,HABITACION,3717
452,2018-12-08,17,8,HABITACION,3555
453,2019-10-30,24,34,HABITACION,3060
454,2020-04-19,17,24,APARTAMENTO,3096
455,2019-06-13,22,35,APARTAMENTO,3822
456,2019-04-09,23,10,HABITACION,3755
457,2018-11-01,26,21,HABITACION,3943
458,2019-04-19,15,9,APARTAMENTO,3978
459,2018-12-20,23,1,HABITACION,3047
460,2019-01-24,15,1,APARTAMENTO,3960
461,2019-05-27,14,13,APARTAMENTO,3103
462,2018-10-31,19,1,APARTAMENTO,3839
463,2019-02-21,26,23,APARTAMENTO,3887
464,2018-12-31,9,37,APARTAMENTO,3186
465,2018-11-22,21,17,HABITACION,3199
466,2020-03-06,30,15,HABITACION,3584
467,2020-02-08,21,19,APARTAMENTO,3425
468,2019-12-17,23,5,HABITACION,3053
469,2019-09-12,22,26,APARTAMENTO,3288
470,2020-01-01,2,2,APARTAMENTO,3490
471,2020-03-12,5,13,HABITACION,3747
472,2020-01-06,9,39,HABITACION,3173
473,2019-05-01,21,6,APARTAMENTO,3232
474,2019-03-15,12,23,HABITACION,3602
475,2019-10-25,3,21,APARTAMENTO,3086
476,2020-04-07,14,20,HABITACION,3867
477,2020-02-06,29,2,HABITACION,3569
478,2018-12-21,1,40,APARTAMENTO,3318
479,2019-07-19,7,16,HABITACION,3926
480,2019-09-05,6,6,APARTAMENTO,3915
481,2019-08-23,26,34,APARTAMENTO,3884
482,2019-03-23,26,4,HABITACION,3787
483,2019-09-25,30,25,HABITACION,3156
484,2019-04-28,28,17,APARTAMENTO,3578
485,2019-09-07,2,2,APARTAMENTO,3773
486,2019-10-04,21,17,HABITACION,3350
487,2019-06-16,9,32,HABITACION,3978
488,2019-11-26,29,11,APARTAMENTO,3412
489,2020-03-28,24,31,HABITACION,3626
490,2019-02-09,29,12,HABITACION,3117
491,2019-03-19,28,32,HABITACION,3141
492,2020-03-02,4,25,APARTAMENTO,3941
493,2019-11-08,15,38,APARTAMENTO,3813
494,2020-05-13,25,4,APARTAMENTO,3915
495,2020-05-21,2,19,APARTAMENTO,3861
496,2019-06-27,8,25,HABITACION,3108
497,2019-01-30,18,31,HABITACION,3114
498,2020-03-04,13,20,APARTAMENTO,3264
499,2018-12-12,28,24,APARTAMENTO,3654
500,2019-04-14,13,17,HABITACION,3746
501,2018-10-30,9,35,HABITACION,3097
502,2019-03-15,16,9,APARTAMENTO,3432
503,2019-06-22,24,23,APARTAMENTO,3019
504,2019-04-25,22,19,APARTAMENTO,3886
505,2019-04-05,4,34,APARTAMENTO,3910
506,2018-11-23,3,16,HABITACION,3067
507,2019-05-09,3,1,APARTAMENTO,3747
508,2020-01-04,4,23,HABITACION,3772
509,2019-11-12,8,28,HABITACION,3338
510,2020-02-23,24,23,APARTAMENTO,3839
511,2020-04-14,16,22,HABITACION,3431
512,2018-10-30,23,15,HABITACION,3322
513,2019-03-02,8,24,HABITACION,3897
514,2019-11-05,23,32,HABITACION,3119
515,2019-03-07,20,21,APARTAMENTO,3129
516,2020-03-16,17,27,APARTAMENTO,3276
517,2020-03-23,29,9,APARTAMENTO,3922
518,2020-03-19,19,22,HABITACION,3455
519,2019-09-16,4,35,HABITACION,3355
520,2020-03-17,26,21,APARTAMENTO,3005
521,2019-03-03,11,17,APARTAMENTO,3234
522,2019-11-20,6,11,APARTAMENTO,3924
523,2020-01-24,4,3,HABITACION,3323
524,2020-04-24,10,6,HABITACION,3903
525,2018-12-16,24,4,HABITACION,3650
526,2019-07-24,7,29,APARTAMENTO,3852
527,2019-11-17,19,34,HABITACION,3391
528,2018-11-17,3,30,APARTAMENTO,3357
529,2019-08-11,5,37,APARTAMENTO,3254
530,2020-05-14,18,9,HABITACION,3498
531,2019-05-16,7,9,HABITACION,3920
532,2019-08-06,18,13,HABITACION,3934
533,2020-05-08,13,15,HABITACION,3519
534,2019-08-04,11,9,APARTAMENTO,3129
535,2020-01-28,6,29,APARTAMENTO,3092
536,2019-01-26,10,2,APARTAMENTO,3268
537,2019-02-27,20,12,APARTAMENTO,3293
538,2020-03-14,4,35,APARTAMENTO,3473
539,2019-04-29,26,7,APARTAMENTO,3134
540,2019-04-25,14,31,HABITACION,3656
541,2019-05-15,14,6,HABITACION,3404
542,2019-02-05,26,7,APARTAMENTO,3728
543,2019-04-19,25,25,HABITACION,3951
544,2018-11-10,5,2,HABITACION,3760
545,2020-01-15,16,34,APARTAMENTO,3163
546,2019-07-01,12,20,APARTAMENTO,3179
547,2020-01-24,27,37,HABITACION,3803
548,2018-11-16,9,28,HABITACION,3199
549,2018-10-28,25,27,APARTAMENTO,3553
550,2020-03-30,8,1,APARTAMENTO,3096
551,2019-12-21,12,28,HABITACION,3138
552,2019-08-24,19,2,HABITACION,3286
553,2019-01-03,23,25,HABITACION,3028
554,2019-07-09,27,28,APARTAMENTO,3160
555,2019-09-29,5,39,HABITACION,3416
556,2020-03-23,13,26,HABITACION,3098
557,2020-04-07,21,10,HABITACION,3028
558,2020-05-01,15,1,APARTAMENTO,3253
559,2019-09-24,8,5,APARTAMENTO,3172
560,2020-01-28,2,10,APARTAMENTO,3583
561,2019-08-06,28,25,HABITACION,3861
562,2020-02-12,26,19,APARTAMENTO,3928
563,2019-09-10,18,30,HABITACION,3955
564,2019-12-13,11,17,APARTAMENTO,3895
565,2019-04-07,9,33,HABITACION,3471
566,2018-12-31,9,28,APARTAMENTO,3901
567,2020-04-19,10,5,HABITACION,3793
568,2019-09-22,10,8,APARTAMENTO,3806
569,2019-05-11,26,4,APARTAMENTO,3865
570,2019-11-06,14,29,APARTAMENTO,3134
571,2020-05-17,18,18,HABITACION,3079
572,2020-03-10,17,25,HABITACION,3214
573,2019-12-20,11,26,HABITACION,3261
574,2020-02-21,27,11,APARTAMENTO,3801
575,2019-09-29,23,14,APARTAMENTO,3048
576,2019-11-15,7,2,HABITACION,3870
577,2020-02-05,24,4,APARTAMENTO,3781
578,2019-05-18,22,9,APARTAMENTO,3878
579,2020-05-02,11,39,HABITACION,3161
580,2019-02-23,15,13,HABITACION,3959
581,2019-05-03,20,13,APARTAMENTO,3125
582,2019-11-20,7,9,HABITACION,3278
583,2018-12-04,30,5,HABITACION,3259
584,2019-05-17,27,23,APARTAMENTO,3684
585,2019-05-09,2,37,HABITACION,3785
586,2019-07-15,5,32,APARTAMENTO,3753
587,2018-11-11,21,31,HABITACION,3214
588,2020-04-15,7,34,APARTAMENTO,3666
589,2018-12-17,6,9,APARTAMENTO,3999
590,2018-11-13,10,40,APARTAMENTO,3127
591,2018-12-18,26,12,HABITACION,3842
592,2018-12-08,25,9,HABITACION,3422
593,2019-04-27,23,12,APARTAMENTO,3462
594,2019-11-01,17,29,HABITACION,3822
595,2019-07-14,25,2,HABITACION,3182
596,2020-03-05,7,16,APARTAMENTO,3594
597,2019-11-03,9,13,APARTAMENTO,3844
598,2019-02-14,24,18,APARTAMENTO,3612
599,2020-01-08,7,13,APARTAMENTO,3564
600,2018-12-03,17,7,HABITACION,3323
601,2020-02-28,29,17,APARTAMENTO,3241
602,2020-01-31,4,4,HABITACION,3444
603,2019-05-23,4,5,HABITACION,3930
604,2019-06-18,12,15,HABITACION,3095
605,2020-04-11,2,12,HABITACION,3511
606,2019-02-20,11,23,HABITACION,3805
607,2020-02-15,19,30,APARTAMENTO,3948
608,2019-04-05,28,19,HABITACION,3813
609,2019-08-12,4,1,HABITACION,3511
610,2019-03-25,19,6,HABITACION,3159
611,2019-12-11,23,25,APARTAMENTO,3706
612,2019-10-08,29,19,APARTAMENTO,3796
613,2019-12-18,21,31,HABITACION,3549
614,2019-03-17,6,12,HABITACION,3455
615,2019-08-01,12,11,APARTAMENTO,3515
616,2019-02-15,12,1,HABITACION,3426
617,2019-03-11,26,36,HABITACION,3484
618,2019-06-01,16,15,HABITACION,3754
619,2019-06-21,20,8,HABITACION,3512
620,2020-03-08,29,38,HABITACION,3690
621,2020-04-25,22,28,HABITACION,3014
622,2019-07-17,3,6,APARTAMENTO,3080
623,2019-10-31,7,38,HABITACION,3998
624,2019-01-29,16,29,APARTAMENTO,3166
625,2019-04-04,4,3,HABITACION,3161
626,2019-06-27,22,2,HABITACION,3849
627,2019-02-27,20,35,HABITACION,3336
628,2019-06-20,21,9,HABITACION,3351
629,2019-12-25,7,13,APARTAMENTO,3892
630,2019-09-17,3,38,HABITACION,3168
631,2019-08-07,14,4,HABITACION,3854
632,2018-11-28,8,5,HABITACION,3065
633,2019-11-10,30,6,HABITACION,3631
634,2019-06-22,10,22,APARTAMENTO,3163
635,2019-07-26,4,14,HABITACION,3272
636,2019-05-11,5,11,HABITACION,3954
637,2019-09-28,6,35,APARTAMENTO,3046
638,2019-08-22,19,10,HABITACION,3173
639,2019-06-17,29,11,APARTAMENTO,3910
640,2020-01-18,25,19,APARTAMENTO,3269
641,2019-07-08,12,27,HABITACION,3457
642,2018-12-06,18,30,APARTAMENTO,3400
643,2019-03-09,28,14,APARTAMENTO,3034
644,2020-02-15,28,10,HABITACION,3917
645,2020-02-09,25,1,HABITACION,3457
646,2019-02-12,28,17,HABITACION,3045
647,2019-09-06,24,15,APARTAMENTO,3681
648,2019-09-22,15,26,HABITACION,3290
649,2019-08-11,18,28,HABITACION,3918
650,2019-09-10,25,33,HABITACION,3305
651,2018-12-04,1,39,HABITACION,3320
652,2019-08-07,1,33,APARTAMENTO,3284
653,2019-03-16,3,10,HABITACION,3940
654,2019-03-09,25,3,APARTAMENTO,3409
655,2018-11-15,6,38,HABITACION,3691
656,2018-11-09,13,39,APARTAMENTO,3339
657,2019-01-11,20,38,APARTAMENTO,3404
658,2019-02-03,7,36,HABITACION,3740
659,2018-12-13,14,2,HABITACION,3079
660,2019-05-03,4,5,APARTAMENTO,3767
661,2019-09-23,13,20,HABITACION,3928
662,2020-05-02,4,31,HABITACION,3669
663,2018-11-15,16,25,HABITACION,3095
664,2019-02-23,13,39,APARTAMENTO,3710
665,2020-03-06,14,16,APARTAMENTO,3416
666,2020-04-21,24,7,HABITACION,3818
667,2018-11-04,28,12,HABITACION,3051
668,2020-01-22,26,20,APARTAMENTO,3449
669,2020-04-18,13,16,HABITACION,3040
670,2019-07-12,13,10,HABITACION,3386
671,2019-08-26,19,20,APARTAMENTO,3160
672,2019-09-04,13,11,HABITACION,3993
673,2019-01-04,28,9,HABITACION,3916
674,2019-03-31,9,13,APARTAMENTO,3533
675,2018-11-14,20,18,APARTAMENTO,3061
676,2019-08-27,27,40,APARTAMENTO,3127
677,2018-10-25,16,7,HABITACION,3174
678,2018-12-22,8,27,HABITACION,3321
679,2018-10-24,14,18,HABITACION,3833
680,2019-08-07,21,7,HABITACION,3191
681,2019-06-04,20,7,HABITACION,3924
682,2018-11-23,17,2,HABITACION,3308
683,2019-04-28,24,3,APARTAMENTO,3939
684,2018-10-15,22,24,HABITACION,3064
685,2019-11-19,11,5,HABITACION,3087
686,2019-10-08,28,34,HABITACION,3358
687,2019-03-22,17,18,HABITACION,3098
688,2019-10-15,24,6,APARTAMENTO,3854
689,2019-01-25,13,11,HABITACION,3087
690,2019-11-08,22,34,HABITACION,3923
691,2019-09-20,12,6,APARTAMENTO,3243
692,2018-11-16,1,12,HABITACION,3628
693,2019-10-13,10,33,APARTAMENTO,3662
694,2018-11-11,28,29,APARTAMENTO,3783
695,2019-08-05,24,12,APARTAMENTO,3375
696,2019-05-16,29,14,HABITACION,3615
697,2018-12-28,27,11,APARTAMENTO,3025
698,2018-12-29,2,18,HABITACION,3593
699,2019-12-10,3,4,APARTAMENTO,3027
700,2019-08-31,19,38,APARTAMENTO,3004
701,2019-06-25,11,37,APARTAMENTO,3004
702,2020-05-22,4,32,HABITACION,3718
703,2019-03-14,2,13,HABITACION,3737
704,2019-08-15,24,2,APARTAMENTO,3815
705,2019-09-30,27,30,APARTAMENTO,3870
706,2019-05-07,11,6,APARTAMENTO,3916
707,2019-07-11,2,10,HABITACION,3045
708,2020-05-17,21,32,APARTAMENTO,3102
709,2019-12-08,30,34,HABITACION,3607
710,2019-03-08,8,39,HABITACION,3236
711,2019-03-02,27,15,APARTAMENTO,3469
712,2020-02-05,21,3,APARTAMENTO,3315
713,2019-09-24,22,20,HABITACION,3033
714,2018-11-05,26,26,HABITACION,3913
715,2019-11-07,15,18,HABITACION,3412
716,2019-03-27,23,13,APARTAMENTO,3620
717,2019-04-24,7,24,APARTAMENTO,3289
718,2020-02-24,3,23,HABITACION,3991
719,2019-05-09,13,28,APARTAMENTO,3316
720,2019-02-18,4,7,APARTAMENTO,3957
721,2019-09-16,18,24,HABITACION,3722
722,2019-07-19,3,33,APARTAMENTO,3096
723,2020-01-21,7,31,HABITACION,3839
724,2019-02-15,26,29,APARTAMENTO,3272
725,2019-02-26,16,40,APARTAMENTO,3963
726,2020-05-21,12,13,APARTAMENTO,3782
727,2020-04-26,15,2,APARTAMENTO,3879
728,2019-04-13,21,36,HABITACION,3871
729,2019-09-24,26,17,HABITACION,3259
730,2020-05-21,10,17,HABITACION,3419
731,2020-03-07,28,5,HABITACION,3455
732,2019-11-23,2,28,APARTAMENTO,3592
733,2018-11-01,5,27,APARTAMENTO,3619
734,2019-08-29,29,38,HABITACION,3061
735,2018-10-26,4,10,HABITACION,3774
736,2018-11-20,24,7,APARTAMENTO,3144
737,2018-11-30,4,40,APARTAMENTO,3944
738,2019-01-16,12,28,HABITACION,3165
739,2019-04-25,21,9,HABITACION,3856
740,2019-06-04,28,3,APARTAMENTO,3700
741,2019-03-01,14,23,HABITACION,3828
742,2018-12-15,18,27,APARTAMENTO,3979
743,2019-08-29,11,31,APARTAMENTO,3389
744,2019-08-11,5,3,HABITACION,3392
745,2020-05-20,16,24,HABITACION,3098
746,2020-04-20,24,19,HABITACION,3201
747,2018-11-08,21,31,HABITACION,3122
748,2019-04-03,15,17,APARTAMENTO,3951
749,2018-10-25,4,17,APARTAMENTO,3727
750,2019-07-11,11,8,HABITACION,3279
751,2018-12-31,7,33,HABITACION,3925
752,2020-03-23,10,39,APARTAMENTO,3558
753,2019-08-14,20,36,HABITACION,3107
754,2020-05-08,10,20,APARTAMENTO,3592
755,2020-02-09,30,18,APARTAMENTO,3440
756,2019-03-31,28,24,APARTAMENTO,3687
757,2019-02-24,7,31,APARTAMENTO,3254
758,2019-02-17,20,32,HABITACION,3034
759,2019-01-02,4,28,HABITACION,3970
760,2019-02-20,19,34,HABITACION,3280
761,2020-05-09,7,10,APARTAMENTO,3585
762,2019-07-27,3,2,APARTAMENTO,3172
763,2019-09-25,1,16,APARTAMENTO,3402
764,2020-02-29,25,25,APARTAMENTO,3864
765,2019-01-04,7,29,HABITACION,3380
766,2019-03-17,6,22,APARTAMENTO,3672
767,2019-08-03,23,8,APARTAMENTO,3183
768,2020-05-08,5,6,APARTAMENTO,3822
769,2019-05-21,17,12,HABITACION,3813
770,2019-03-27,25,19,HABITACION,3637
771,2019-12-23,23,31,APARTAMENTO,3105
772,2020-05-04,13,25,HABITACION,3188
773,2020-03-07,6,32,HABITACION,3723
774,2019-01-09,25,37,APARTAMENTO,3167
775,2019-03-25,4,40,HABITACION,3317
776,2019-11-26,24,13,APARTAMENTO,3703
777,2019-10-16,14,27,HABITACION,3001
778,2020-04-04,18,16,APARTAMENTO,3210
779,2019-01-02,26,16,APARTAMENTO,3825
780,2019-10-05,29,37,HABITACION,3841
781,2019-08-14,20,12,HABITACION,3135
782,2019-09-17,2,38,APARTAMENTO,3922
783,2019-10-15,25,24,HABITACION,3923
784,2018-11-25,30,31,HABITACION,3196
785,2019-01-17,5,17,APARTAMENTO,3016
786,2019-10-08,30,24,APARTAMENTO,3329
787,2019-06-03,1,32,HABITACION,3320
788,2019-04-17,8,22,HABITACION,3108
789,2019-04-24,24,15,HABITACION,3690
790,2019-10-13,1,35,APARTAMENTO,3271
791,2020-03-28,23,14,HABITACION,3552
792,2019-11-12,10,36,APARTAMENTO,3502
793,2018-12-15,12,31,HABITACION,3425
794,2020-02-26,4,20,APARTAMENTO,3757
795,2019-06-26,12,35,APARTAMENTO,3268
796,2019-04-07,4,18,APARTAMENTO,3876
797,2020-04-18,27,20,HABITACION,3366
798,2019-10-01,8,15,APARTAMENTO,3066
799,2019-08-14,12,36,APARTAMENTO,3712
800,2018-10-27,27,21,HABITACION,3696
801,2020-03-09,19,35,HABITACION,3620
802,2020-01-07,10,33,APARTAMENTO,3751
803,2020-01-20,19,40,HABITACION,3335
804,2018-12-02,15,20,HABITACION,3754
805,2020-01-09,3,13,APARTAMENTO,3087
806,2019-08-02,28,36,HABITACION,3527
807,2019-08-05,10,3,HABITACION,3929
808,2019-01-18,5,14,APARTAMENTO,3190
809,2019-02-06,6,15,APARTAMENTO,3515
810,2018-12-13,2,35,APARTAMENTO,3887
811,2020-03-12,11,33,HABITACION,3619
812,2019-12-28,9,38,HABITACION,3673
813,2019-02-12,22,4,HABITACION,3387
814,2019-10-27,17,15,HABITACION,3813
815,2019-06-02,6,13,APARTAMENTO,3390
816,2019-07-01,28,17,HABITACION,3533
817,2019-05-29,21,37,APARTAMENTO,3239
818,2019-11-02,19,34,APARTAMENTO,3753
819,2019-07-25,24,13,APARTAMENTO,3968
820,2020-05-05,1,10,APARTAMENTO,3279
821,2019-03-04,23,12,HABITACION,3573
822,2020-04-08,4,22,APARTAMENTO,3910
823,2018-12-07,5,22,HABITACION,3260
824,2019-08-13,27,30,APARTAMENTO,3962
825,2020-04-03,30,27,APARTAMENTO,3644
826,2019-11-05,30,10,APARTAMENTO,3757
827,2019-04-11,23,35,HABITACION,3160
828,2020-04-07,11,3,APARTAMENTO,3564
829,2019-10-16,23,11,APARTAMENTO,3165
830,2019-02-20,26,1,HABITACION,3634
831,2020-01-28,20,29,APARTAMENTO,3356
832,2019-10-13,18,26,HABITACION,3823
833,2019-01-22,18,39,APARTAMENTO,3241
834,2018-11-26,9,39,HABITACION,3816
835,2019-11-09,22,26,APARTAMENTO,3998
836,2018-12-03,6,13,HABITACION,3963
837,2020-03-23,17,31,APARTAMENTO,3754
838,2018-11-18,22,3,APARTAMENTO,3401
839,2019-12-20,20,11,APARTAMENTO,3735
840,2019-05-16,20,2,HABITACION,3389
841,2019-07-15,4,24,APARTAMENTO,3757
842,2019-12-02,26,26,HABITACION,3840
843,2020-04-30,6,10,APARTAMENTO,3827
844,2020-01-30,13,12,HABITACION,3820
845,2019-03-28,30,19,APARTAMENTO,3346
846,2019-09-06,6,19,HABITACION,3618
847,2018-12-07,5,9,APARTAMENTO,3358
848,2020-01-02,5,21,APARTAMENTO,3790
849,2019-12-06,17,29,HABITACION,3005
850,2018-11-06,3,5,HABITACION,3380
851,2020-02-09,1,9,APARTAMENTO,3550
852,2019-08-17,1,1,HABITACION,3533
853,2018-12-28,4,6,HABITACION,3667
854,2019-03-24,2,2,HABITACION,3495
855,2019-01-22,7,1,HABITACION,3982
856,2019-09-28,18,29,APARTAMENTO,3325
857,2018-10-20,13,30,HABITACION,3453
858,2019-06-07,2,8,HABITACION,3493
859,2019-04-17,1,16,APARTAMENTO,3967
860,2019-11-20,27,13,APARTAMENTO,3049
861,2019-10-26,28,38,APARTAMENTO,3996
862,2018-12-05,25,38,APARTAMENTO,3905
863,2020-01-24,1,35,APARTAMENTO,3005
864,2019-03-23,16,2,APARTAMENTO,3696
865,2019-07-14,25,13,APARTAMENTO,3526
866,2019-01-01,11,39,APARTAMENTO,3012
867,2020-04-06,15,34,HABITACION,3630
868,2019-11-15,22,7,HABITACION,3990
869,2020-01-10,29,33,HABITACION,3946
870,2019-01-06,9,28,HABITACION,3495
871,2018-11-17,1,6,HABITACION,3331
872,2018-11-11,7,27,HABITACION,3957
873,2019-09-05,7,12,APARTAMENTO,3898
874,2019-10-20,22,16,APARTAMENTO,3915
875,2019-12-29,25,39,HABITACION,3731
876,2019-02-28,25,6,APARTAMENTO,3407
877,2019-02-05,20,14,APARTAMENTO,3105
878,2020-03-31,10,8,HABITACION,3206
879,2020-02-09,11,12,HABITACION,3509
880,2019-03-16,13,13,APARTAMENTO,3047
881,2019-03-05,9,1,APARTAMENTO,3353
882,2019-04-08,28,28,APARTAMENTO,3836
883,2019-07-10,2,6,HABITACION,3790
884,2020-01-17,14,40,HABITACION,3939
885,2019-04-17,22,8,HABITACION,3894
886,2019-08-31,3,19,APARTAMENTO,3627
887,2019-10-11,18,35,APARTAMENTO,3516
888,2019-10-15,19,21,APARTAMENTO,3469
889,2019-08-29,15,12,APARTAMENTO,3375
890,2019-04-04,15,23,HABITACION,3434
891,2020-04-07,3,29,APARTAMENTO,3047
892,2020-03-17,4,20,HABITACION,3724
893,2019-06-08,11,29,HABITACION,3243
894,2018-12-15,11,13,HABITACION,3500
895,2020-03-01,27,14,HABITACION,3226
896,2019-06-25,13,31,APARTAMENTO,3982
897,2019-02-09,22,34,APARTAMENTO,3480
898,2018-10-15,19,30,HABITACION,3765
899,2018-10-15,21,1,APARTAMENTO,3209
900,2019-01-12,7,22,APARTAMENTO,3306
901,2020-05-16,4,17,HABITACION,3164
902,2019-03-26,1,24,HABITACION,3666
903,2019-10-18,25,19,APARTAMENTO,3221
904,2019-06-25,30,32,APARTAMENTO,4000
905,2019-07-26,10,23,APARTAMENTO,3159
906,2019-07-14,5,20,HABITACION,3292
907,2019-07-22,17,28,APARTAMENTO,3350
908,2018-12-26,11,11,APARTAMENTO,3899
909,2018-10-29,9,4,APARTAMENTO,3557
910,2019-08-02,24,29,APARTAMENTO,3357
911,2019-01-30,27,28,HABITACION,3479
912,2019-09-16,18,6,APARTAMENTO,3079
913,2019-11-02,27,40,APARTAMENTO,3818
914,2020-05-12,19,19,HABITACION,3781
915,2019-01-08,19,6,APARTAMENTO,3848
916,2020-01-17,1,1,HABITACION,3268
917,2019-11-27,8,7,APARTAMENTO,3591
918,2019-08-26,22,15,HABITACION,3815
919,2019-04-29,6,5,APARTAMENTO,3405
920,2019-12-10,27,13,HABITACION,3871
921,2020-02-27,18,30,APARTAMENTO,3194
922,2019-10-24,29,27,HABITACION,3959
923,2020-05-06,4,25,APARTAMENTO,3646
924,2018-12-12,28,37,HABITACION,3549
925,2019-06-04,23,40,HABITACION,3174
926,2019-12-08,1,16,HABITACION,3648
927,2019-05-31,27,16,APARTAMENTO,3282
928,2018-12-14,12,28,APARTAMENTO,3712
929,2020-02-17,17,9,HABITACION,3948
930,2020-03-11,4,12,APARTAMENTO,3236
931,2019-04-15,8,14,APARTAMENTO,3653
932,2019-01-29,4,27,HABITACION,3123
933,2019-05-22,24,24,APARTAMENTO,3533
934,2019-12-04,10,11,HABITACION,3714
935,2019-10-02,25,29,HABITACION,3762
936,2019-07-16,8,25,APARTAMENTO,3352
937,2020-04-18,3,18,APARTAMENTO,3786
938,2019-11-27,7,7,APARTAMENTO,3460
939,2019-07-09,20,2,HABITACION,3611
940,2019-04-22,27,28,APARTAMENTO,3897
941,2020-01-26,20,21,APARTAMENTO,3585
942,2019-07-29,24,24,HABITACION,3621
943,2019-12-20,4,19,APARTAMENTO,3956
944,2019-09-10,19,24,HABITACION,3945
945,2020-01-29,22,6,HABITACION,3565
946,2019-02-03,20,27,HABITACION,3859
947,2018-12-29,17,4,APARTAMENTO,3358
948,2019-05-27,29,35,HABITACION,3938
949,2019-05-04,4,17,HABITACION,3464
950,2019-03-02,5,19,HABITACION,3861
951,2020-03-18,26,9,APARTAMENTO,3638
952,2019-11-11,23,34,HABITACION,3834
953,2019-09-27,26,27,APARTAMENTO,3320
954,2019-07-24,7,12,APARTAMENTO,3177
955,2018-11-21,17,5,HABITACION,3325
956,2019-03-11,7,11,HABITACION,3919
957,2019-08-12,20,37,HABITACION,3007
958,2019-01-15,7,25,HABITACION,3854
959,2020-02-19,2,15,HABITACION,3012
960,2019-07-08,23,2,HABITACION,3067
961,2020-04-13,16,7,APARTAMENTO,3845
962,2020-04-30,21,29,APARTAMENTO,3037
963,2019-03-03,16,7,HABITACION,3817
964,2019-04-09,19,3,APARTAMENTO,3903
965,2019-02-09,22,35,HABITACION,3575
966,2019-08-30,22,15,APARTAMENTO,3452
967,2020-02-18,21,36,APARTAMENTO,3723
968,2019-04-30,22,19,APARTAMENTO,3335
969,2019-04-12,21,1,APARTAMENTO,3266
970,2019-08-12,9,11,HABITACION,3889
971,2020-02-27,19,26,HABITACION,3321
972,2019-09-08,29,27,APARTAMENTO,3348
973,2019-05-06,3,36,APARTAMENTO,3138
974,2019-04-01,2,14,APARTAMENTO,3032
975,2019-12-09,1,4,APARTAMENTO,3361
976,2018-11-08,13,22,APARTAMENTO,3221
977,2020-01-14,17,21,HABITACION,3163
978,2019-10-08,5,18,HABITACION,3948
979,2020-01-21,20,14,HABITACION,3931
980,2019-11-14,25,16,HABITACION,3934
981,2019-05-22,16,34,HABITACION,3109
982,2019-12-12,1,9,HABITACION,3660
983,2020-05-07,27,11,HABITACION,3792
984,2019-09-12,6,11,HABITACION,3504
985,2019-04-27,22,7,APARTAMENTO,3671
986,2018-11-03,17,9,HABITACION,3519
987,2018-12-29,24,32,APARTAMENTO,3073
988,2018-11-08,26,18,HABITACION,3853
989,2019-12-16,9,13,APARTAMENTO,3391
990,2020-02-24,23,19,HABITACION,3145
991,2019-10-09,18,4,APARTAMENTO,3996
992,2018-12-27,17,1,APARTAMENTO,3663
993,2020-04-03,13,23,APARTAMENTO,3731
994,2019-07-24,28,13,APARTAMENTO,3562
995,2019-01-02,17,26,APARTAMENTO,3898
996,2020-01-18,21,36,APARTAMENTO,3979
997,2019-12-14,9,3,HABITACION,3015
998,2019-11-15,20,28,APARTAMENTO,3899
999,2019-12-01,14,36,HABITACION,3560
1000,2019-01-22,8,37,APARTAMENTO,3322
