IDHabitacion,IDReserva
2001,11001
2002,11002
2003,11003
2004,11004
2005,11005
2006,11006
2007,11007
2008,11008
2009,11009
2010,11010
2011,11011
2012,11012
2013,11013
2014,11014
2015,11015
2016,11016
2017,11017
2018,11018
2019,11019
2020,11020
2021,11021
2022,11022
2023,11023
2024,11024
2025,11025
2026,11026
2027,11027
2028,11028
2029,11029
2030,11030
2031,11031
2032,11032
2033,11033
2034,11034
2035,11035
2036,11036
2037,11037
2038,11038
2039,11039
2040,11040
2041,11041
2042,11042
2043,11043
2044,11044
2045,11045
2046,11046
2047,11047
2048,11048
2049,11049
2050,11050
2051,11051
2052,11052
2053,11053
2054,11054
2055,11055
2056,11056
2057,11057
2058,11058
2059,11059
2060,11060
2061,11061
2062,11062
2063,11063
2064,11064
2065,11065
2066,11066
2067,11067
2068,11068
2069,11069
2070,11070
2071,11071
2072,11072
2073,11073
2074,11074
2075,11075
2076,11076
2077,11077
2078,11078
2079,11079
2080,11080
2081,11081
2082,11082
2083,11083
2084,11084
2085,11085
2086,11086
2087,11087
2088,11088
2089,11089
2090,11090
2091,11091
2092,11092
2093,11093
2094,11094
2095,11095
2096,11096
2097,11097
2098,11098
2099,11099
2100,11100
2101,11101
2102,11102
2103,11103
2104,11104
2105,11105
2106,11106
2107,11107
2108,11108
2109,11109
2110,11110
2111,11111
2112,11112
2113,11113
2114,11114
2115,11115
2116,11116
2117,11117
2118,11118
2119,11119
2120,11120
2121,11121
2122,11122
2123,11123
2124,11124
2125,11125
2126,11126
2127,11127
2128,11128
2129,11129
2130,11130
2131,11131
2132,11132
2133,11133
2134,11134
2135,11135
2136,11136
2137,11137
2138,11138
2139,11139
2140,11140
2141,11141
2142,11142
2143,11143
2144,11144
2145,11145
2146,11146
2147,11147
2148,11148
2149,11149
2150,11150
2151,11151
2152,11152
2153,11153
2154,11154
2155,11155
2156,11156
2157,11157
2158,11158
2159,11159
2160,11160
2161,11161
2162,11162
2163,11163
2164,11164
2165,11165
2166,11166
2167,11167
2168,11168
2169,11169
2170,11170
2171,11171
2172,11172
2173,11173
2174,11174
2175,11175
2176,11176
2177,11177
2178,11178
2179,11179
2180,11180
2181,11181
2182,11182
2183,11183
2184,11184
2185,11185
2186,11186
2187,11187
2188,11188
2189,11189
2190,11190
2191,11191
2192,11192
2193,11193
2194,11194
2195,11195
2196,11196
2197,11197
2198,11198
2199,11199
2200,11200
2201,11201
2202,11202
2203,11203
2204,11204
2205,11205
2206,11206
2207,11207
2208,11208
2209,11209
2210,11210
2211,11211
2212,11212
2213,11213
2214,11214
2215,11215
2216,11216
2217,11217
2218,11218
2219,11219
2220,11220
2221,11221
2222,11222
2223,11223
2224,11224
2225,11225
2226,11226
2227,11227
2228,11228
2229,11229
2230,11230
2231,11231
2232,11232
2233,11233
2234,11234
2235,11235
2236,11236
2237,11237
2238,11238
2239,11239
2240,11240
2241,11241
2242,11242
2243,11243
2244,11244
2245,11245
2246,11246
2247,11247
2248,11248
2249,11249
2250,11250
2251,11251
2252,11252
2253,11253
2254,11254
2255,11255
2256,11256
2257,11257
2258,11258
2259,11259
2260,11260
2261,11261
2262,11262
2263,11263
2264,11264
2265,11265
2266,11266
2267,11267
2268,11268
2269,11269
2270,11270
2271,11271
2272,11272
2273,11273
2274,11274
2275,11275
2276,11276
2277,11277
2278,11278
2279,11279
2280,11280
2281,11281
2282,11282
2283,11283
2284,11284
2285,11285
2286,11286
2287,11287
2288,11288
2289,11289
2290,11290
2291,11291
2292,11292
2293,11293
2294,11294
2295,11295
2296,11296
2297,11297
2298,11298
2299,11299
2300,11300
2301,11301
2302,11302
2303,11303
2304,11304
2305,11305
2306,11306
2307,11307
2308,11308
2309,11309
2310,11310
2311,11311
2312,11312
2313,11313
2314,11314
2315,11315
2316,11316
2317,11317
2318,11318
2319,11319
2320,11320
2321,11321
2322,11322
2323,11323
2324,11324
2325,11325
2326,11326
2327,11327
2328,11328
2329,11329
2330,11330
2331,11331
2332,11332
2333,11333
2334,11334
2335,11335
2336,11336
2337,11337
2338,11338
2339,11339
2340,11340
2341,11341
2342,11342
2343,11343
2344,11344
2345,11345
2346,11346
2347,11347
2348,11348
2349,11349
2350,11350
2351,11351
2352,11352
2353,11353
2354,11354
2355,11355
2356,11356
2357,11357
2358,11358
2359,11359
2360,11360
2361,11361
2362,11362
2363,11363
2364,11364
2365,11365
2366,11366
2367,11367
2368,11368
2369,11369
2370,11370
2371,11371
2372,11372
2373,11373
2374,11374
2375,11375
2376,11376
2377,11377
2378,11378
2379,11379
2380,11380
2381,11381
2382,11382
2383,11383
2384,11384
2385,11385
2386,11386
2387,11387
2388,11388
2389,11389
2390,11390
2391,11391
2392,11392
2393,11393
2394,11394
2395,11395
2396,11396
2397,11397
2398,11398
2399,11399
2400,11400
2401,11401
2402,11402
2403,11403
2404,11404
2405,11405
2406,11406
2407,11407
2408,11408
2409,11409
2410,11410
2411,11411
2412,11412
2413,11413
2414,11414
2415,11415
2416,11416
2417,11417
2418,11418
2419,11419
2420,11420
2421,11421
2422,11422
2423,11423
2424,11424
2425,11425
2426,11426
2427,11427
2428,11428
2429,11429
2430,11430
2431,11431
2432,11432
2433,11433
2434,11434
2435,11435
2436,11436
2437,11437
2438,11438
2439,11439
2440,11440
2441,11441
2442,11442
2443,11443
2444,11444
2445,11445
2446,11446
2447,11447
2448,11448
2449,11449
2450,11450
2451,11451
2452,11452
2453,11453
2454,11454
2455,11455
2456,11456
2457,11457
2458,11458
2459,11459
2460,11460
2461,11461
2462,11462
2463,11463
2464,11464
2465,11465
2466,11466
2467,11467
2468,11468
2469,11469
2470,11470
2471,11471
2472,11472
2473,11473
2474,11474
2475,11475
2476,11476
2477,11477
2478,11478
2479,11479
2480,11480
2481,11481
2482,11482
2483,11483
2484,11484
2485,11485
2486,11486
2487,11487
2488,11488
2489,11489
2490,11490
2491,11491
2492,11492
2493,11493
2494,11494
2495,11495
2496,11496
2497,11497
2498,11498
2499,11499
2500,11500
2501,11501
2502,11502
2503,11503
2504,11504
2505,11505
2506,11506
2507,11507
2508,11508
2509,11509
2510,11510
2511,11511
2512,11512
2513,11513
2514,11514
2515,11515
2516,11516
2517,11517
2518,11518
2519,11519
2520,11520
2521,11521
2522,11522
2523,11523
2524,11524
2525,11525
2526,11526
2527,11527
2528,11528
2529,11529
2530,11530
2531,11531
2532,11532
2533,11533
2534,11534
2535,11535
2536,11536
2537,11537
2538,11538
2539,11539
2540,11540
2541,11541
2542,11542
2543,11543
2544,11544
2545,11545
2546,11546
2547,11547
2548,11548
2549,11549
2550,11550
2551,11551
2552,11552
2553,11553
2554,11554
2555,11555
2556,11556
2557,11557
2558,11558
2559,11559
2560,11560
2561,11561
2562,11562
2563,11563
2564,11564
2565,11565
2566,11566
2567,11567
2568,11568
2569,11569
2570,11570
2571,11571
2572,11572
2573,11573
2574,11574
2575,11575
2576,11576
2577,11577
2578,11578
2579,11579
2580,11580
2581,11581
2582,11582
2583,11583
2584,11584
2585,11585
2586,11586
2587,11587
2588,11588
2589,11589
2590,11590
2591,11591
2592,11592
2593,11593
2594,11594
2595,11595
2596,11596
2597,11597
2598,11598
2599,11599
2600,11600
2601,11601
2602,11602
2603,11603
2604,11604
2605,11605
2606,11606
2607,11607
2608,11608
2609,11609
2610,11610
2611,11611
2612,11612
2613,11613
2614,11614
2615,11615
2616,11616
2617,11617
2618,11618
2619,11619
2620,11620
2621,11621
2622,11622
2623,11623
2624,11624
2625,11625
2626,11626
2627,11627
2628,11628
2629,11629
2630,11630
2631,11631
2632,11632
2633,11633
2634,11634
2635,11635
2636,11636
2637,11637
2638,11638
2639,11639
2640,11640
2641,11641
2642,11642
2643,11643
2644,11644
2645,11645
2646,11646
2647,11647
2648,11648
2649,11649
2650,11650
2651,11651
2652,11652
2653,11653
2654,11654
2655,11655
2656,11656
2657,11657
2658,11658
2659,11659
2660,11660
2661,11661
2662,11662
2663,11663
2664,11664
2665,11665
2666,11666
2667,11667
2668,11668
2669,11669
2670,11670
2671,11671
2672,11672
2673,11673
2674,11674
2675,11675
2676,11676
2677,11677
2678,11678
2679,11679
2680,11680
2681,11681
2682,11682
2683,11683
2684,11684
2685,11685
2686,11686
2687,11687
2688,11688
2689,11689
2690,11690
2691,11691
2692,11692
2693,11693
2694,11694
2695,11695
2696,11696
2697,11697
2698,11698
2699,11699
2700,11700
2701,11701
2702,11702
2703,11703
2704,11704
2705,11705
2706,11706
2707,11707
2708,11708
2709,11709
2710,11710
2711,11711
2712,11712
2713,11713
2714,11714
2715,11715
2716,11716
2717,11717
2718,11718
2719,11719
2720,11720
2721,11721
2722,11722
2723,11723
2724,11724
2725,11725
2726,11726
2727,11727
2728,11728
2729,11729
2730,11730
2731,11731
2732,11732
2733,11733
2734,11734
2735,11735
2736,11736
2737,11737
2738,11738
2739,11739
2740,11740
2741,11741
2742,11742
2743,11743
2744,11744
2745,11745
2746,11746
2747,11747
2748,11748
2749,11749
2750,11750
2751,11751
2752,11752
2753,11753
2754,11754
2755,11755
2756,11756
2757,11757
2758,11758
2759,11759
2760,11760
2761,11761
2762,11762
2763,11763
2764,11764
2765,11765
2766,11766
2767,11767
2768,11768
2769,11769
2770,11770
2771,11771
2772,11772
2773,11773
2774,11774
2775,11775
2776,11776
2777,11777
2778,11778
2779,11779
2780,11780
2781,11781
2782,11782
2783,11783
2784,11784
2785,11785
2786,11786
2787,11787
2788,11788
2789,11789
2790,11790
2791,11791
2792,11792
2793,11793
2794,11794
2795,11795
2796,11796
2797,11797
2798,11798
2799,11799
2800,11800
2801,11801
2802,11802
2803,11803
2804,11804
2805,11805
2806,11806
2807,11807
2808,11808
2809,11809
2810,11810
2811,11811
2812,11812
2813,11813
2814,11814
2815,11815
2816,11816
2817,11817
2818,11818
2819,11819
2820,11820
2821,11821
2822,11822
2823,11823
2824,11824
2825,11825
2826,11826
2827,11827
2828,11828
2829,11829
2830,11830
2831,11831
2832,11832
2833,11833
2834,11834
2835,11835
2836,11836
2837,11837
2838,11838
2839,11839
2840,11840
2841,11841
2842,11842
2843,11843
2844,11844
2845,11845
2846,11846
2847,11847
2848,11848
2849,11849
2850,11850
2851,11851
2852,11852
2853,11853
2854,11854
2855,11855
2856,11856
2857,11857
2858,11858
2859,11859
2860,11860
2861,11861
2862,11862
2863,11863
2864,11864
2865,11865
2866,11866
2867,11867
2868,11868
2869,11869
2870,11870
2871,11871
2872,11872
2873,11873
2874,11874
2875,11875
2876,11876
2877,11877
2878,11878
2879,11879
2880,11880
2881,11881
2882,11882
2883,11883
2884,11884
2885,11885
2886,11886
2887,11887
2888,11888
2889,11889
2890,11890
2891,11891
2892,11892
2893,11893
2894,11894
2895,11895
2896,11896
2897,11897
2898,11898
2899,11899
2900,11900
2901,11901
2902,11902
2903,11903
2904,11904
2905,11905
2906,11906
2907,11907
2908,11908
2909,11909
2910,11910
2911,11911
2912,11912
2913,11913
2914,11914
2915,11915
2916,11916
2917,11917
2918,11918
2919,11919
2920,11920
2921,11921
2922,11922
2923,11923
2924,11924
2925,11925
2926,11926
2927,11927
2928,11928
2929,11929
2930,11930
2931,11931
2932,11932
2933,11933
2934,11934
2935,11935
2936,11936
2937,11937
2938,11938
2939,11939
2940,11940
2941,11941
2942,11942
2943,11943
2944,11944
2945,11945
2946,11946
2947,11947
2948,11948
2949,11949
2950,11950
2951,11951
2952,11952
2953,11953
2954,11954
2955,11955
2956,11956
2957,11957
2958,11958
2959,11959
2960,11960
2961,11961
2962,11962
2963,11963
2964,11964
2965,11965
2966,11966
2967,11967
2968,11968
2969,11969
2970,11970
2971,11971
2972,11972
2973,11973
2974,11974
2975,11975
2976,11976
2977,11977
2978,11978
2979,11979
2980,11980
2981,11981
2982,11982
2983,11983
2984,11984
2985,11985
2986,11986
2987,11987
2988,11988
2989,11989
2990,11990
2991,11991
2992,11992
2993,11993
2994,11994
2995,11995
2996,11996
2997,11997
2998,11998
2999,11999
3000,12000
